,ABCC11,ACTA2,ACTG2,ADAM9,ADGRE5,ADH1B,ADIPOQ,AGR3,AIF1,AKR1C1,AKR1C3,ALDH1A3,ANGPT2,ANKRD28,ANKRD29,ANKRD30A,APOBEC3A,APOBEC3B,APOC1,AQP1,AQP3,AR,AVPR1A,BACE2,BANK1,BASP1,C1QA,C1QC,C2orf42,C5orf46,C6orf132,C15orf48,CAV1,CAVIN2,CCDC6,CCDC80,CCL5,CCL8,CCND1,CCPG1,CCR7,CD3E,CD3G,CD4,CD8A,CD9,CD14,CD19,CD27,CD68,CD69,CD79A,CD79B,CD80,CD83,CD86,CD93,CD163,CD247,CD274,CDC42EP1,CDH1,CEACAM6,CEACAM8,CENPF,CLEC9A,CLEC14A,CLECL1,CLIC6,CPA3,CRISPLD2,CTH,CTLA4,CTSG,CTTN,CX3CR1,CXCL5,CXCL12,CXCL16,CXCR4,CYTIP,DAPK3,DMKN,DNAAF1,DNTTIP1,DPT,DSC2,DSP,DST,DUSP2,DUSP5,EGFL7,EGFR,EIF4EBP1,ENAH,EPCAM,ERBB2,ERN1,ESM1,ESR1,FAM49A,FAM107B,FASN,FBLN1,FCER1A,FCER1G,FCGR3A,FGL2,FLNB,FOXA1,FOXC2,FOXP3,FSTL3,GATA3,GJB2,GLIPR1,GNLY,GPR183,GZMA,GZMK,HAVCR2,HMGA1,HOOK2,HOXD8,HOXD9,HPX,IGF1,IGSF6,IL2RA,IL2RG,IL3RA,IL7R,ITGAM,ITGAX,ITM2C,JUP,KARS,KDR,KIT,KLF5,KLRB1,KLRC1,KLRD1,KLRF1,KRT5,KRT6B,KRT7,KRT8,KRT14,KRT23,LAG3,LARS,LDHB,LGALSL,LILRA4,LPL,LPXN,LRRC15,LTB,LUM,LY86,LYPD3,LYZ,MAP3K8,MDM2,MKI67,MLPH,MMP1,MMP2,MMP12,MMRN2,MNDA,MRC1,MS4A1,MUC6,MYBPC1,MYH11,MYLK,MYO5B,MZB1,NARS,NCAM1,NDUFA4L2,NKG7,NOSTRIN,OCIAD2,OPRPN,OXTR,PCLAF,PDCD1,PDCD1LG2,PDE4A,PDGFRA,PDGFRB,PDK4,PECAM1,PELI1,PGR,PIGR,PIM1,PLD4,POSTN,PPARG,PRDM1,PRF1,PTGDS,PTN,PTPRC,PTRHD1,QARS,RAB30,RAMP2,RAPGEF3,RHOH,RORC,RTKN2,RUNX1,S100A4,S100A8,S100A14,SCD,SCGB2A1,SDC4,SEC11C,SEC24A,SELL,SERHL2,SERPINA3,SERPINB9,SFRP1,SFRP4,SH3YL1,SLAMF1,SLAMF7,SLC5A6,SLC25A37,SMAP2,SMS,SNAI1,SOX17,SOX18,SPIB,SQLE,SRPK1,SSTR2,STC1,SVIL,TAC1,TACSTD2,TCEAL7,TCF4,TCF7,TCIM,TCL1A,TENT5C,TFAP2A,THAP2,TIFA,TIGIT,TIMP4,TMEM147,TNFRSF17,TOMM7,TOP2A,TPD52,TPSAB1,TRAC,TRAF4,TRAPPC3,TRIB1,TUBA4A,TUBB2B,UCP1,USP53,VOPP1,VWF,WARS,ZEB1,ZEB2,ZNF562
81421,0.018539904,0.3831635,0.1635546,0.1816022,0.27584764,0.21506181,0.0,0.036932092,0.2047083,0.03372228,0.0,0.090601444,0.12884687,0.0449516,0.12238411,0.0,0.07137492,0.081818454,0.06406924,0.25571993,0.0041962746,0.07245801,0.0,0.2645906,0.013516473,0.22980164,0.14136742,0.13460927,0.046101883,0.0,0.010278906,0.0,0.16920073,0.0,0.115500785,0.8482296,0.5849238,0.0098726535,0.019404132,0.23045073,0.05516255,0.7210347,0.29613146,0.5302733,0.4264411,0.14676617,0.1745451,0.0,0.06303177,0.35205466,0.23250504,0.0,0.0,0.026441503,0.0,0.027733276,0.08896772,0.24361084,0.29139683,0.0,0.0,0.09251038,0.08503382,0.0,0.0,0.0,0.0056135356,0.16204046,0.0,0.08921041,0.21052408,0.0,0.15117745,0.0,0.2944486,0.0,0.0,0.83652604,0.10397345,0.48809314,0.17326656,0.1316878,0.0,0.0,0.04193343,0.085940614,0.03690743,0.032644574,0.13439414,0.11681735,0.04273606,0.02326789,0.113086954,0.07266117,0.25606847,0.08009541,0.20539485,0.20244251,0.0,0.0,0.022848332,0.39483592,0.03365423,0.42187196,0.037709054,0.31928727,0.19279884,0.18333459,0.1713977,0.020333005,0.0,0.076605596,0.16615692,0.07041258,0.024984462,0.25839663,0.1487457,0.16949686,0.39694944,0.0002754569,0.117356494,0.20626698,0.0,0.04345984,0.14296396,0.0,0.13180593,0.10580776,0.11209559,0.3716031,0.0,0.5220821,0.095028184,0.01623614,0.24702695,0.12451201,0.1222287,0.0,0.0,0.020148918,0.20555289,0.02709027,0.12292059,0.02150379,0.0,0.0,0.038753044,0.23194575,0.0,0.09013581,0.0,0.17070812,0.4082167,0.015578717,0.043207873,0.0,0.23286562,0.05646528,0.012335205,0.93146414,0.0,0.05247959,0.49001056,0.10634313,0.30474663,0.025397588,0.04225696,0.0,0.70875037,0.0,0.075207785,0.0,0.28456864,0.08012009,0.047810823,0.017792761,0.0,0.09002703,0.06456663,0.051030513,0.2323724,0.10219288,0.0,0.27783284,0.11673116,0.08644104,0.0,0.0,0.0,0.0,0.103987135,0.015379647,0.23077755,0.14200586,0.12930612,0.240852,0.046370804,0.0,0.0,0.15513615,0.09323608,0.56183213,0.074928366,0.0,0.23362723,0.45689127,0.0,1.0642555,0.03713378,0.07436807,0.06103129,0.07773656,0.06326993,0.08783807,0.0,0.07590251,0.31096599,0.29449588,0.011246771,0.059885837,0.120094016,0.04859709,0.06138534,0.09294092,0.16637316,0.06807201,0.11279869,0.0,0.16204004,0.018164158,0.73740834,0.109403215,0.13718534,0.11216533,0.091166586,0.0066043497,0.20709622,0.1718615,0.045401484,0.0,0.069627345,0.0007530213,0.07113203,0.16433102,0.0,0.0,0.08045858,0.0,0.024558503,0.0,0.15141785,0.24733372,0.2324311,0.0,0.11706927,0.0,0.046227273,0.034094777,0.22217213,0.0,0.100499764,0.0,0.6277164,0.060517646,0.124025844,0.0,0.74058515,0.053203743,0.13949402,0.04694184,0.09551915,0.034471653,0.0,0.21332243,0.16550921,0.19425999,0.03304101,0.0944876,0.41776744,0.13591272
81441,0.086275496,0.7990709,0.14654322,0.3306866,0.12405713,0.31054708,0.0,0.1071378,0.103903584,0.15811157,0.0,0.15377156,0.17403151,0.109445564,0.21285222,0.026352352,0.004878169,0.036441665,0.05717727,0.6616586,0.0,0.13846333,0.0,0.36949357,0.0,0.3578809,0.041051168,0.044325057,0.05589912,0.0,0.0011086584,0.0,0.4518217,0.0,0.21264039,1.1753104,0.0,0.0,0.14500809,0.30992088,0.0,0.0,0.0,0.17669494,0.0,0.24306695,0.058773685,0.0,0.0,0.23386037,0.0,0.0,0.0,0.106849216,0.0,0.011509189,0.3614591,0.120966196,0.0,0.0,0.0,0.16669786,0.05958406,0.0,0.0,0.0,0.18054293,0.09386305,0.0,0.05281772,0.50186294,0.0,0.0,0.0,0.6812447,0.00036635398,0.0,1.1141664,0.07157085,0.012345976,0.0,0.14178896,0.0,0.0,0.06157539,0.11283558,0.040002003,0.069926925,0.46268782,0.0,0.08746167,0.16575025,0.21946625,0.07442839,0.45192835,0.13560346,0.40952978,0.115328506,0.0,0.0,0.025960697,0.235665,0.05570215,0.6524402,0.054540273,0.19904576,0.11512579,0.10401044,0.4260524,0.022728523,0.0,0.0,0.26180378,0.0,0.09120248,0.13371482,0.0,0.017354978,0.0,0.0,0.05139199,0.12464943,0.067137115,0.16828808,0.1963975,0.0,0.13981214,0.044467423,0.015106223,0.025829542,0.027471572,0.0,0.06259256,0.0,0.12554197,0.22899249,0.13883524,0.04026978,0.016994253,0.01299487,0.018260857,0.0,0.0,0.0,0.0,0.004955993,0.1520503,0.31875572,0.0,0.05856951,0.0,0.19472037,0.28772426,0.10333383,0.023626149,0.0070437193,0.08855486,0.19885115,0.0,1.2890997,0.0,0.12030882,0.22158165,0.16808464,0.46081182,0.093607865,0.1271696,0.082237296,1.1167762,0.0,0.22714172,0.0,0.18423319,0.0,0.05606691,0.0,0.017723212,0.4221675,0.053901166,0.0,0.24117754,0.085326515,0.003066981,0.0,0.18548058,0.021786893,0.0,0.0,0.0,0.0,0.04685275,0.033036556,0.42338553,0.5468883,0.20966032,0.5370857,0.107612215,0.06555718,0.0,0.08189547,0.051017076,0.96725655,0.15126002,0.0,0.0,0.45826626,0.0,0.06659617,0.057820853,0.16820614,0.11225487,0.2112298,0.19378172,0.0,0.0,0.055196833,0.53285474,0.19237934,0.060596395,0.040608972,0.09671091,0.05175007,0.14539534,0.10830351,0.21082757,0.0,0.23279296,0.0,0.1574782,0.1516191,0.90437716,0.16344106,0.0,0.0,0.12290819,0.084082626,0.08944886,0.16619042,0.09084103,0.0,0.1666271,0.0024529265,0.07779529,0.13575298,0.0,0.0,0.34798786,0.0,0.16289723,0.0,0.41963026,0.029072685,0.48515302,0.0,0.025000364,0.0,0.03906035,0.0,0.0,0.0,0.15036473,0.014276797,0.59688276,0.06767249,0.1075153,0.0,0.045426603,0.10862942,0.21892093,0.112590455,0.08495933,0.03511202,0.0,0.29541546,0.18638225,0.50959533,0.19308713,0.34131154,0.4934063,0.17741516
81478,0.0767807,0.6073432,0.130839,0.24921063,0.119076125,0.22130536,0.0,0.080683686,0.11558851,0.10341382,0.0,0.12265581,0.1262206,0.0667811,0.16222544,0.027520347,0.04097713,0.043922137,0.04336299,0.44231415,0.0,0.109870054,0.0,0.26915795,0.0,0.24420956,0.058647823,0.050464835,0.04837028,0.0,0.0,0.0,0.302061,0.0,0.14808701,0.88113004,0.04667716,0.0,0.09927578,0.22933526,0.0,0.034250766,0.0,0.22844218,0.0,0.19251692,0.07869883,0.0,0.0,0.22819243,0.0073819757,0.0,0.0,0.099363126,0.0,0.01939326,0.21922456,0.13790245,0.007803929,0.0,0.0,0.1373693,0.057950903,0.0,0.0,0.0,0.10695713,0.083050944,0.0,0.06726864,0.3402253,0.0,0.0,0.0,0.4513913,0.021580448,0.0,0.8674912,0.07151615,0.0687777,0.0,0.11813823,0.0,0.0,0.045530505,0.080366306,0.03599976,0.05697317,0.3873404,0.0018321753,0.057483613,0.09334848,0.16278793,0.06669744,0.31934306,0.08557172,0.28315964,0.11787727,0.0,0.0,0.019006094,0.18792747,0.043776628,0.482152,0.055923034,0.2065836,0.13941197,0.14457175,0.2666731,0.028405264,0.0,0.0037382436,0.19366552,0.0,0.018593404,0.13065195,0.0,0.030074125,0.0,0.0,0.059462007,0.11383716,0.040249154,0.09681455,0.1536289,0.0,0.12498989,0.06706734,0.028521368,0.038660433,0.00909307,0.013792015,0.06601081,0.005576018,0.13371794,0.1682126,0.09470638,0.0,0.0,0.018484622,0.02498792,0.0,0.0,0.0,0.0,0.004684025,0.103393055,0.23561843,0.0,0.06265413,0.0,0.15542626,0.2405591,0.08457825,0.04207585,0.002667451,0.09021441,0.11603,0.0,0.97106946,0.0,0.093502216,0.29206082,0.12983476,0.33876273,0.08444532,0.092222326,0.028255451,0.78574955,0.0,0.13111508,0.0,0.17200224,0.0,0.060265083,0.002065769,0.05944732,0.32187152,0.044624202,0.0,0.20108497,0.059688594,0.029286433,0.007980922,0.124068044,0.028323967,0.0,0.0,0.0,0.0,0.049899142,0.019336542,0.30923405,0.3438604,0.16341482,0.34649196,0.08430361,0.032413453,0.0,0.06449924,0.0728571,0.62464494,0.10869191,0.0,0.029061124,0.40916657,0.0,0.18619342,0.040875524,0.09939229,0.07619599,0.124801554,0.13647059,0.0,0.0,0.04812869,0.39405236,0.16728535,0.02989749,0.03039366,0.102165,0.07681511,0.10421451,0.089655936,0.16517039,0.0,0.15966609,0.0,0.11587775,0.1489625,0.71671283,0.12099707,0.0,0.0,0.09428051,0.056685258,0.07736004,0.13770899,0.066861704,0.0,0.116721205,0.0131227225,0.05951656,0.11657391,0.0,0.0,0.22718048,0.0,0.14293985,0.0,0.26680934,0.021906037,0.33589908,0.0,0.036115713,0.0,0.02164057,0.0,0.0,0.0,0.115918055,0.0060698623,0.47039995,0.0731526,0.07852769,0.0,0.07127618,0.089332305,0.1664236,0.07939575,0.05522074,0.022736704,0.0,0.25117645,0.12894665,0.29800424,0.099550106,0.21198063,0.4110107,0.14728361
81482,0.06163147,0.28955013,0.06992795,0.19686592,0.09191804,0.20230685,0.0,0.15802649,0.11843894,0.08720337,0.0,0.12385394,0.030708013,0.05980226,0.04935589,0.0,0.058526702,0.051003594,0.062747024,0.07429033,0.0,0.11094449,0.0,0.16776788,0.0,0.2663417,0.06669978,0.056972444,0.04074807,0.0,0.0,0.0,0.09862647,0.010393652,0.10666454,0.974441,0.019241571,0.0,0.041078802,0.19097796,0.0,0.0,0.0,0.21597047,0.0,0.16762601,0.10482202,0.0,0.0,0.24692416,0.017690549,0.0,0.0,0.13960296,0.008027566,0.050530292,0.0,0.1624621,0.0,0.0,0.036044996,0.14188416,0.02284099,0.0,0.0,0.0,0.0,0.06984349,0.0,0.076192565,0.3432033,0.0,0.017976899,0.0,0.40189108,0.05341233,0.0,0.9276008,0.07498544,0.05021236,0.0,0.091297984,0.0,0.0,0.02934577,0.09165645,0.033116784,0.0,0.25679538,0.0,0.050186183,0.0,0.16780323,0.07527545,0.20589562,0.059712626,0.2283502,0.12834428,0.0,0.0,0.017554378,0.14098102,0.022829747,0.6097084,0.0666884,0.20623346,0.16405773,0.16771643,0.1008029,0.016673854,0.0,0.02276021,0.17447779,0.0,0.0,0.13359809,0.0,0.05003635,0.0,0.0,0.053325266,0.115787424,0.019274754,0.04811661,0.048764233,0.0,0.1458954,0.085455894,0.039231922,0.034438636,0.0,0.0,0.06562471,0.025893737,0.13134627,0.15104762,0.079951584,0.0,0.018426923,0.03515629,0.0057901205,0.0,0.0,0.0,0.0,0.0,0.02630261,0.17106019,0.0,0.05180427,0.0,0.12390383,0.19643345,0.07543705,0.059085507,0.0,0.098842725,0.098637216,0.0,1.0364766,0.0,0.09050336,0.2929997,0.11147654,0.30746546,0.0845462,0.074018136,0.038032867,0.9392605,0.0,0.0,0.0012833596,0.18903044,0.0,0.06654542,0.0,0.0,0.09141382,0.024127971,0.0,0.17148872,0.052630853,0.0,0.0,0.0070480197,0.005280131,0.0,0.0,0.0,0.0,0.039801903,0.016894136,0.3713984,0.37263164,0.13312909,0.0770727,0.07224346,0.01693254,0.0,0.05886841,0.10116166,0.5912119,0.05714667,0.0,0.0,0.5464336,0.0,0.16631933,0.036110412,0.080930285,0.07587649,0.0002991736,0.06284282,0.0,0.0,0.047146942,0.35608718,0.16480632,0.013386631,0.012233378,0.09542169,0.10351628,0.121041596,0.08644599,0.15729462,0.0,0.10039027,0.0,0.1240917,0.25104874,0.8188872,0.10287928,0.0,0.026725097,0.076107614,0.06017669,0.07258395,0.12826395,0.03447884,0.0,0.06494056,0.034656752,0.043567985,0.093042634,0.0,0.0,0.18425009,0.0,0.08090366,0.0,0.23214097,0.0,0.21879123,0.016865576,0.050465405,0.0,0.016802935,0.0,0.0,0.0,0.10584867,0.0,0.4170766,0.08208581,0.051033795,0.0,0.048809897,0.082790725,0.1445329,0.06543374,0.045024186,0.016432667,0.0,0.2568362,0.10162073,0.013897577,0.07405915,0.16913001,0.36752772,0.118954636
81489,0.0,0.2290455,0.1493128,0.11116214,0.25369897,0.20225349,0.0,0.017379686,0.1250742,0.0076651336,0.040915612,0.053617794,0.11104291,0.02910695,0.08216417,0.0,0.07092512,0.07019376,0.046771254,0.055896472,0.027653372,0.056797385,0.0,0.24435656,0.055021215,0.17359029,0.096271865,0.0756067,0.058673095,0.0,0.014243747,0.0,0.06771635,0.063909896,0.061157595,0.69584924,0.61485076,0.0,0.0,0.1678926,0.060867082,0.7913498,0.3361735,0.46822977,0.46851882,0.08568319,0.13248444,0.0,0.059776332,0.28557253,0.2855184,0.0,0.0,0.011707193,0.0,0.0,0.0,0.1973455,0.32400104,0.0,0.0,0.044366557,0.095311455,0.0,0.0,0.0,0.0,0.17341575,0.0,0.095470406,0.09706125,0.0,0.14333847,0.0,0.15919356,0.0,0.0,0.58371985,0.07163008,0.538501,0.180907,0.12707347,0.0,0.0,0.0141132055,0.046288684,0.00088646414,0.0,0.0,0.118815914,0.0,0.0,0.06636695,0.075180076,0.19854158,0.031837337,0.11260503,0.1822687,0.0,0.0,0.0,0.39163193,0.035843924,0.29532713,0.013140668,0.23240562,0.1798262,0.07204884,0.062476736,0.007817303,0.0,0.077407025,0.14902397,0.057516288,0.038681038,0.21493088,0.15877156,0.14589643,0.43587628,0.024568224,0.063871264,0.19183432,0.0,0.0,0.11579899,0.0,0.096145935,0.024148608,0.12485378,0.3574346,0.0,0.6118888,0.07478403,0.0,0.18572526,0.08866979,0.09084957,0.0,0.0,0.020865757,0.23285055,0.057017613,0.17043577,0.015301171,0.0,0.0,0.0,0.18414636,0.0,0.08957278,0.0,0.1260366,0.3925901,0.0,0.011223227,0.0,0.21144724,0.01866543,0.03551655,0.7731192,0.0,0.019619038,0.41684794,0.05102489,0.19082828,0.0,0.026503146,0.0,0.5350105,0.0,0.015438226,0.0,0.22308016,0.1541997,0.044875838,0.054059274,0.0,0.0,0.05597886,0.022215325,0.18138114,0.119196914,0.0,0.3031532,0.12519604,0.10044046,0.0,0.0,0.0,0.0,0.11309469,0.0,0.15036114,0.0,0.07962085,0.07314267,0.0,0.0,0.0,0.15079437,0.08081693,0.5342084,0.032908835,0.0,0.25761053,0.2908886,0.0,1.1102154,0.008746862,0.013896453,0.02117253,0.012666223,0.022358421,0.11589153,0.0,0.08389429,0.19430356,0.26298147,0.0,0.061608285,0.13019107,0.03113893,0.019623255,0.04780193,0.12674892,0.0570714,0.06717456,0.0,0.11410012,0.0,0.6545242,0.09238889,0.13976772,0.058618095,0.080695935,0.0,0.17062198,0.13462317,0.023294909,0.0,0.033730496,0.0,0.058519315,0.14383975,0.0,0.0,0.0,0.0,0.0,0.0,0.010813094,0.30396247,0.09214334,0.0,0.105237745,0.0,0.038500037,0.010814684,0.24068265,0.0,0.062684275,0.0,0.5160083,0.04130934,0.089042835,0.0,0.7654826,0.036578994,0.074953765,0.0,0.06452435,0.033323597,0.0,0.18207864,0.09695872,0.07896997,0.0,0.0038047552,0.2664953,0.08886433
81511,0.18042001,0.7614891,0.18181323,0.3202447,0.14051528,0.19359063,0.0,0.07503944,0.16719273,0.12891188,0.0,0.13868798,0.1322522,0.072499834,0.17713538,0.19796851,0.044090863,0.047834475,0.035741717,0.5109984,0.0,0.14569323,0.0,0.2852442,0.0,0.25043508,0.09818899,0.09895036,0.04599135,0.0,0.011581287,0.0,0.3199663,0.0,0.19718657,0.87032455,0.059068847,0.009414655,0.16121261,0.2672055,0.0,0.039725043,0.004526341,0.29403588,0.0,0.250259,0.121980965,0.0,0.0,0.2803541,0.024368132,0.0,0.0,0.07677121,0.004864794,0.032870624,0.2462441,0.19320576,0.016010795,0.0,0.0,0.22103839,0.07929056,0.0,0.0,0.0,0.11863718,0.06913961,0.0,0.073791884,0.3438333,0.0,0.004668835,0.0,0.50299907,0.020546053,0.0,0.90704775,0.093897425,0.10711999,0.010533327,0.10836299,0.0,0.0,0.063666336,0.08382032,0.08170727,0.13203056,0.5133282,0.020325257,0.06564327,0.08783998,0.19714883,0.058921587,0.3865874,0.17733239,0.4240156,0.1437255,0.0,0.0,0.03027221,0.23235813,0.1025455,0.4732693,0.053628474,0.27409437,0.15836607,0.19501469,0.3472147,0.12234211,0.0,0.005321162,0.20359826,0.0436037,0.024163464,0.1668068,0.0,0.045675416,0.0,0.0,0.092829004,0.14685312,0.056344844,0.102505796,0.16062616,0.0,0.14058018,0.098232344,0.03266976,0.057013284,0.0010045826,0.015647912,0.086612575,0.038899485,0.1550195,0.21582155,0.10935891,0.0,0.0,0.0193165,0.037322596,0.0,0.0,0.0,0.049026854,0.020646658,0.27448335,0.32759997,0.0,0.09601535,0.0,0.20092507,0.2741614,0.08006995,0.02390072,0.0,0.10588389,0.111318134,0.0,0.9666811,0.0,0.13174799,0.33427265,0.1463217,0.40398392,0.07302127,0.17524584,0.008778626,0.76780176,0.0,0.14911593,0.012899595,0.2166202,0.0,0.067635104,0.028258776,0.17424303,0.46143118,0.0763712,0.0,0.25160804,0.01643438,0.009987533,0.021830281,0.13843839,0.038579773,0.0,0.0,0.0,0.0,0.06040287,0.029751351,0.31851324,0.36065045,0.1762714,0.390663,0.10064846,0.05667013,0.0,0.06775477,0.06545477,0.6322109,0.12778835,0.0,0.038650777,0.38387856,0.0,0.24587636,0.048140462,0.131351,0.09284445,0.13350359,0.13374218,0.0,0.0,0.048601676,0.51735985,0.17574263,0.047712423,0.05220592,0.16685331,0.07986013,0.13547671,0.11779062,0.1853622,0.0,0.31698045,0.05344666,0.12682699,0.236182,0.6513665,0.1506875,0.0,0.0015650064,0.12124039,0.05593369,0.1076584,0.17124833,0.06696824,0.0,0.11310476,0.01627748,0.07743723,0.14026232,0.0,0.0019519568,0.2537832,0.0,0.30050823,0.0,0.2830872,0.045591697,0.38755283,0.0,0.05027873,0.03910304,0.025915926,0.019281382,0.0,0.0,0.12967768,0.0097127035,0.5635478,0.08429702,0.17682421,0.0,0.086312495,0.121271014,0.19620354,0.10330134,0.07069552,0.03237198,0.0,0.2865994,0.15803583,0.30882654,0.12580337,0.22359149,0.4726739,0.18056224
81530,0.0,0.2057015,0.16449437,0.2105211,0.17345169,0.0,0.0,0.033771884,0.157998,0.0,0.030190825,0.09038232,0.11482346,0.0252827,0.052929025,0.0,0.09981092,0.05206541,0.05282342,0.0,0.0,0.09038544,0.0,0.28856316,0.09990811,0.24909262,0.10480936,0.119247235,0.074617706,0.0,0.013801058,0.0,0.05057032,0.112370305,0.09625213,0.8143002,0.111052535,0.0,0.0,0.17106092,0.0,0.31063637,0.10036605,0.8559653,0.119877316,0.09465778,0.22435136,0.0,0.0,0.45654583,0.115197234,0.01597085,0.0,0.05846079,0.0,0.04835871,0.0,0.37272096,0.06286403,0.0,0.0,0.088260114,0.0935435,0.0,0.0,0.0,0.0,0.24944685,0.0,0.1568093,0.09037066,0.0,0.054481804,0.0,0.1724172,0.0,0.0,0.55540127,0.08436147,0.4165902,0.101559676,0.099377625,0.0,0.0,0.054852106,0.0,0.019563152,0.0,0.0,0.0,0.17357679,0.0,0.009905162,0.12540276,0.16699418,0.0,0.1575094,0.5308911,0.0,0.0,0.0,0.32468078,0.0,0.2587219,0.081669606,0.5129532,0.15133607,0.102113046,0.23207073,0.06513782,0.0,0.041721437,0.11588702,0.0,0.03469011,0.33757058,0.012034035,0.27439532,0.10458342,0.0,0.099211626,0.21857367,0.0,0.0,0.075683914,0.0,0.0067674997,0.008221102,0.074049786,0.19059025,0.21692438,0.1594934,0.113376275,0.044385053,0.41702405,0.13267832,0.07590349,0.0,0.0,0.0,0.119040065,0.0,0.030522322,0.0,0.0,0.045919638,0.0,0.25426847,0.0,0.14078236,0.0,0.19132105,0.32166466,0.03124137,0.39505187,0.0,0.28167534,0.0,0.039455175,0.7992118,0.0,0.0,0.32140517,0.109131746,0.23448978,0.009168984,0.063234024,0.0,0.56825465,0.0,0.0,0.0,0.39214805,0.087446176,0.081515215,0.119855426,0.0,0.0,0.0,0.10000928,0.22984031,0.14974637,0.0,0.09870174,0.051378,0.11168776,0.0,0.0,0.0,0.0,0.08404359,0.0,0.1399184,0.0,0.11843183,0.15432063,0.0067158225,0.0,0.0,0.07530252,0.36132565,0.660092,0.0,0.0,0.0720922,0.5220944,0.0,0.7903157,0.04845488,0.022706652,0.029525092,0.0,0.041121148,0.043797087,0.0,0.04544167,0.28496847,0.15897083,0.0,0.0,0.10846714,0.19651139,0.030585945,0.06291353,0.15735358,0.118339874,0.11299457,0.0,0.08684453,0.0,0.7096291,0.0966864,0.05451436,0.22373691,0.044001784,0.0,0.15318495,0.15817665,0.0,0.0,0.10269221,0.26203424,0.0661419,0.117375255,0.0,0.014452397,0.0,0.0,0.0,0.0,0.21366243,0.1280729,0.007764861,0.31699133,0.13003878,0.0,0.0,0.0,0.13078128,0.0,0.08640583,0.0,0.3948519,0.04894078,0.09698943,0.0,0.26898617,0.2123452,0.109648325,0.032804828,0.0,0.0,0.0,0.1288539,0.13096045,0.008531932,0.0,0.02377196,0.5984004,0.11074638
81531,0.0,0.31536362,0.14554183,0.15169327,0.2473102,0.24806564,0.0,0.046241164,0.13939486,0.028920988,0.009382921,0.06600598,0.12259751,0.035132755,0.09895618,0.0,0.06629634,0.063099526,0.04834598,0.15752831,0.011477041,0.06175973,0.0,0.26372877,0.035600584,0.1911736,0.11220115,0.09598464,0.054162264,0.0,0.010898644,0.0,0.13221388,0.0474852,0.07830646,0.8487267,0.52529424,0.002206087,0.0,0.19584587,0.03168291,0.6660321,0.2829619,0.4296566,0.3743863,0.1169856,0.14929028,0.0,0.052604653,0.29885474,0.23409747,0.0,0.0,0.024396252,0.0,0.004988937,0.022933051,0.2220243,0.28861162,0.0,0.0,0.06410858,0.09126108,0.0,0.0,0.0,0.0,0.16526346,0.0,0.10059571,0.15760432,0.0,0.13729386,0.0,0.23679535,0.0,0.0,0.736993,0.078680485,0.4632852,0.15546232,0.13161938,0.0,0.0,0.022396183,0.06871592,0.011108798,0.009273863,0.033164598,0.10261438,0.0075048446,0.013680637,0.09383774,0.07315002,0.22970195,0.045438815,0.14075549,0.1739655,0.0,0.0,0.0,0.35998344,0.028228749,0.39190587,0.026430005,0.26354295,0.18493608,0.09077852,0.10913992,0.0,0.0,0.07777103,0.16152512,0.044944014,0.040355746,0.22209191,0.1402262,0.13989289,0.3778889,0.0063508274,0.075288,0.17346123,0.0,0.020372724,0.13106267,0.0,0.11566763,0.03673302,0.115366735,0.31058627,0.0,0.49907008,0.08074973,0.0,0.18085709,0.10627282,0.106469326,0.0,0.0,0.026197523,0.2006479,0.034764264,0.14018653,0.015396485,0.0,0.0,0.0,0.20235269,0.0,0.0906195,0.0,0.13280478,0.3803973,0.0099528255,0.020715786,0.0,0.19233444,0.042869307,0.019142007,0.88551915,0.0,0.030538399,0.3342906,0.06989708,0.22709242,0.004641965,0.035943747,0.0,0.67807597,0.0,0.04922731,0.0,0.27952552,0.113932155,0.048276346,0.033883303,0.0,0.02907387,0.055340923,0.030419622,0.19177902,0.12201704,0.0,0.27085757,0.12641333,0.08888203,0.0,0.0,0.0,0.0,0.10537317,0.0063620927,0.20356174,0.06790721,0.11660452,0.15242644,0.016596008,0.0,0.0,0.13629805,0.08599033,0.577131,0.050685264,0.0,0.23781104,0.33911753,0.0,0.99154675,0.024774296,0.03774152,0.035296302,0.05544851,0.04618441,0.08920195,0.0,0.08126781,0.24408193,0.2562254,0.0,0.060175356,0.1195091,0.03949305,0.040897664,0.055260565,0.13735071,0.041961003,0.0673695,0.0,0.1169223,0.0,0.77554345,0.09846931,0.122688584,0.041868098,0.080664925,0.0,0.16475046,0.14686964,0.032468807,0.0,0.06164057,0.0,0.0559524,0.1394211,0.0,0.0,0.016199982,0.0,0.0,0.0,0.08602317,0.24904437,0.15298977,0.0,0.10468563,0.0,0.040031295,0.012574625,0.21599832,0.0,0.07807975,0.0,0.5425734,0.034649782,0.08845579,0.0,0.658238,0.04443192,0.097155415,0.011449501,0.06666917,0.035159312,0.0,0.20188642,0.10824994,0.14310537,0.0,0.054182965,0.3227999,0.09993193
81535,0.011104195,0.41812092,0.17150316,0.17899953,0.30508208,0.22745578,0.0,0.056450155,0.2046907,0.022421641,0.0,0.085062325,0.12538496,0.04186637,0.10743337,0.0,0.0715098,0.087364726,0.0757541,0.21033321,0.017058492,0.06627894,0.0,0.2682181,0.031190718,0.22982585,0.14594655,0.13678959,0.049428876,0.0,0.014646538,0.0,0.14623728,0.0,0.11299016,0.9306375,0.7078318,0.0076572173,0.004590464,0.2422361,0.063765444,0.88042146,0.36811456,0.53761834,0.5167851,0.14277026,0.17610729,0.0,0.08364921,0.36067796,0.26481014,0.0,0.0,0.024498677,0.0,0.018804163,0.052531112,0.24406123,0.35399672,0.0,0.0,0.104517676,0.090570055,0.0,0.0,0.0,0.0,0.16710101,0.0,0.092920505,0.21655002,0.0,0.18765347,0.0,0.29737872,0.0,0.0,0.875177,0.10521283,0.5687777,0.2066602,0.13735676,0.0,0.0,0.036501147,0.0962572,0.025613552,0.030124588,0.103841774,0.13737367,0.02654612,0.0066358745,0.11555358,0.072961,0.26640496,0.09466665,0.23255146,0.210339,0.0,0.0,0.014193135,0.43822145,0.030035648,0.4543684,0.025024027,0.32239422,0.20483172,0.15594949,0.14439252,0.022493636,0.0,0.09544036,0.17406137,0.09449777,0.061574012,0.2830195,0.17754261,0.18268622,0.48879576,0.031243801,0.1033142,0.22363026,0.0,0.041261833,0.13759063,0.0,0.13637505,0.09142755,0.124681786,0.42836785,0.0,0.6257996,0.09056385,0.0,0.25349495,0.12874663,0.13357136,0.0,0.0,0.028555263,0.24037336,0.04829345,0.15084386,0.030953398,0.0,0.0,0.067656554,0.25175646,0.0,0.09326731,0.004793358,0.1664998,0.44040653,0.0067513883,0.029986894,0.0,0.25345406,0.06586184,0.038280584,1.0434628,0.0,0.05223886,0.4727214,0.09606373,0.3156193,0.017346049,0.030842422,0.0,0.79957205,0.0,0.058593,0.0,0.29025483,0.114579655,0.046319325,0.020083264,0.0,0.096470006,0.06830853,0.057002332,0.2311596,0.119195275,0.0,0.3330749,0.11692207,0.104820326,0.0,0.0,0.0,0.0,0.10807242,0.017134776,0.24899888,0.14894071,0.11906757,0.19870609,0.035906315,0.0,0.0,0.1752368,0.09115996,0.6972315,0.06291803,0.0,0.26712984,0.4480693,0.0,1.2181643,0.039312042,0.07065466,0.0588784,0.06976407,0.048711043,0.11300651,0.0,0.089184366,0.3365738,0.33574724,0.023434915,0.069897495,0.12889653,0.025586218,0.058578342,0.09438743,0.16794664,0.07539447,0.14175372,0.0,0.16771264,0.010905325,0.8126551,0.11487629,0.1669114,0.107001975,0.087797426,0.0,0.21649592,0.18492071,0.040702187,0.0,0.06351664,0.0,0.06784566,0.1683245,0.0,0.0,0.06774124,0.0,0.022507954,0.0,0.1345454,0.28923216,0.22028239,0.0,0.13003473,0.0,0.05592945,0.03540377,0.26643878,0.0,0.09816585,0.0,0.6820332,0.05200645,0.13423891,0.0,0.87223893,0.045236632,0.13883801,0.029340027,0.11720859,0.043342005,0.0,0.20926121,0.16767955,0.16186288,0.012806631,0.100009106,0.39705968,0.12668048
81426,0.046302274,0.2947093,0.094792835,0.194589,0.121372655,0.17713504,0.0,0.092814945,0.15837382,0.069624506,0.0,0.09539882,0.054664183,0.041858938,0.0629995,0.0,0.06482016,0.05043707,0.05856662,0.076251954,0.0,0.08938452,0.0,0.17681868,0.0,0.23339844,0.0966598,0.09594225,0.045328107,0.0,0.0,0.0,0.08855305,0.03513452,0.09988675,0.83254546,0.090053275,0.0023294599,0.015910799,0.17223835,0.0,0.10608989,0.023295283,0.35587275,0.011328864,0.13969271,0.16144685,0.0,0.0,0.29685512,0.061774384,0.0,0.0,0.10262467,0.016679764,0.051293343,0.01699971,0.24015155,0.035404425,0.0,0.0,0.11293608,0.04588669,0.0,0.0,0.0,0.0,0.08635959,0.0,0.10060964,0.24485007,0.0,0.037012637,0.0,0.30292416,0.041123804,0.0,0.7748984,0.08340967,0.14173687,0.02507702,0.08881037,0.0,0.0,0.031741392,0.0714741,0.03640932,0.0,0.1951625,0.0042467774,0.039215993,0.0036744922,0.11975967,0.07739047,0.19863452,0.04257314,0.17742784,0.14258422,0.0,0.0,0.016128946,0.17919396,0.027241845,0.44632646,0.06788715,0.28680232,0.17762208,0.19507466,0.09697499,0.015376843,0.0,0.028628612,0.15557398,0.0,0.01684126,0.16439943,0.0,0.07882758,0.020841135,0.0,0.086401165,0.13054533,0.005778182,0.018880386,0.06687613,0.0,0.11911752,0.088925056,0.061469954,0.07666037,0.0,0.07390098,0.08799894,0.06829091,0.12956934,0.12857077,0.07422769,0.0,0.0,0.0127764465,0.042050213,0.0,0.0,0.0,0.0,0.0,0.01146918,0.1666367,0.0,0.05898404,0.0,0.12045663,0.22407527,0.052561164,0.0654821,0.0,0.12214863,0.067170344,0.0,0.88423187,0.0,0.06396007,0.37859073,0.1053612,0.26175606,0.059082415,0.053368308,0.013079989,0.7336483,0.0,0.0,0.010664207,0.25982293,0.0,0.05864575,0.02892965,0.0,0.06680741,0.029898083,0.0,0.17151009,0.053970337,0.0,0.0347816,0.038149077,0.02697575,0.0,0.0,0.0,0.0,0.07226046,0.011561647,0.26725104,0.21886468,0.14377593,0.10984838,0.055898678,0.0,0.0,0.067727365,0.10725653,0.5472352,0.060316842,0.0,0.04695247,0.4254554,0.0,0.37011176,0.02981217,0.06194077,0.054225463,0.0018886387,0.053683367,0.0,0.0,0.049924895,0.32304522,0.15847293,0.0,0.012101406,0.1105149,0.12350072,0.08892247,0.062371947,0.14273463,0.0,0.09787835,0.0,0.10643672,0.09706768,0.71915793,0.09194618,0.0,0.041564666,0.071818545,0.032330405,0.10621486,0.13155614,0.037000712,0.0,0.058803048,0.027415944,0.04824492,0.09594087,0.0,0.0,0.10808965,0.0,0.037089642,0.0,0.16639522,0.04606992,0.16026485,0.015429968,0.061760616,0.0,0.010675398,0.0,0.022068918,0.0,0.0902375,0.0,0.39354306,0.07274584,0.05256343,0.0,0.14467478,0.07609681,0.12575255,0.05535808,0.030883064,0.017226685,0.0,0.21780634,0.104512356,0.031019261,0.0146191,0.117278956,0.40663004,0.11119373
81433,0.031458803,0.28431723,0.18833639,0.118460946,0.33311987,0.16483377,0.0,0.004706015,0.19979034,0.0,0.018679917,0.065559976,0.11443527,0.027225519,0.096283,0.0,0.08727201,0.10636442,0.0793761,0.09307833,0.038264062,0.054617066,0.0,0.23169903,0.06038292,0.20708267,0.12476011,0.109665275,0.05770762,0.0,0.01008145,0.0,0.059224587,0.0,0.09233477,0.6470067,0.87575513,0.0,0.0,0.19737141,0.1317064,1.1426191,0.474277,0.64145386,0.6894707,0.10152086,0.1490163,0.0,0.099322654,0.35195526,0.35966566,0.0,0.0,0.012498009,0.0,0.021840611,0.0,0.2096883,0.43008637,0.0,0.0,0.07971344,0.09105037,0.0,0.0,0.0,0.0,0.17743956,0.0,0.0851851,0.112700514,0.0,0.21102719,0.0,0.15687826,0.0,0.0,0.61387473,0.102603436,0.7330591,0.28398338,0.12983987,0.0,0.0,0.027504403,0.049301878,0.009124565,0.010020824,0.0,0.182061,0.015293128,0.0,0.0682802,0.076533735,0.20300357,0.07691913,0.20491432,0.24870114,0.0,0.0,0.0068615857,0.51725674,0.039465547,0.27499825,0.009510773,0.29782054,0.19393699,0.15515184,0.09240776,0.0333928,0.0,0.09795996,0.14479828,0.12702921,0.031651407,0.28996465,0.2010024,0.2273544,0.59618914,0.06718178,0.091868386,0.27383167,0.0,0.0,0.12188828,0.0,0.104576826,0.09291013,0.13400915,0.5437765,0.0,0.8456594,0.089158356,0.019584596,0.28933528,0.099786684,0.112573646,0.0,0.0,0.019259885,0.29482898,0.07325631,0.19719884,0.032403614,0.0,0.0,0.04377953,0.23309563,0.0,0.07913617,0.0,0.16653542,0.4712459,0.0,0.03683291,0.0,0.31227887,0.017922027,0.07885986,0.79031956,0.0,0.037228208,0.64068407,0.07985871,0.27599558,0.0066003217,0.014177533,0.0,0.50494164,0.0,0.011528864,0.0,0.2048826,0.1765319,0.049047276,0.055349268,0.0,0.0,0.070675015,0.054185368,0.23053646,0.11731278,0.0025938333,0.4026125,0.11277785,0.14185093,0.0,0.0,0.0,0.0,0.11534166,0.008974812,0.1501108,0.0,0.06957211,0.11319845,0.010400236,0.0,0.0,0.19777846,0.09533742,0.51761013,0.044763234,0.0,0.29208264,0.37790897,0.0,1.4641953,0.023078853,0.0432613,0.043324772,0.010431248,0.020712916,0.17384951,0.0,0.09127744,0.23692107,0.37158242,0.018084142,0.06651121,0.15166041,0.023283524,0.03108483,0.10883043,0.1582056,0.119427346,0.1565001,0.0,0.181783,0.0,0.5716831,0.10504293,0.22071771,0.17057782,0.08418121,0.0,0.25445148,0.17759928,0.023485472,0.0,0.031766977,0.0,0.073250376,0.18054304,0.0,0.0,0.0,0.0,0.0,0.0,0.023588633,0.3682317,0.12485867,0.0,0.14495711,0.0,0.05153954,0.039102722,0.31067497,0.0,0.08003633,0.0,0.6704258,0.072905876,0.14777556,0.0,1.0531446,0.03905565,0.11682329,0.008791295,0.14338772,0.038688686,0.0,0.18608819,0.16725974,0.083495036,0.0,0.019784648,0.33976373,0.12082249
81434,0.0074466686,0.24394296,0.060117453,0.15057491,0.07335206,0.18645976,0.0,0.08421636,0.03677376,0.06946357,0.0027372122,0.03649933,0.059446223,0.014151156,0.042596325,0.0,0.06538697,0.024751818,0.032212604,0.0,0.0,0.048889246,0.0,0.15700436,0.0,0.14595564,0.010608363,0.0009746075,0.065110825,0.0,0.0,0.0,0.03686447,0.050913673,0.03941023,0.6905171,0.0,0.0,0.0,0.102692485,0.0,0.0,0.0,0.19994554,0.0,0.08710065,0.082133524,0.0,0.0,0.16868667,0.028381282,0.0,0.025961477,0.12353664,0.0,0.013355488,0.0,0.17631865,0.0071255504,0.0,0.0,0.09845165,0.054779023,0.0,0.0,0.0,0.0,0.06639718,0.0,0.15138178,0.09593942,0.0,0.027459009,0.0,0.12967551,0.031362932,0.0,0.40636373,0.021062804,0.088796474,0.0,0.08519632,0.0,0.0,0.00021111965,0.01117093,0.0,0.0,0.03392018,0.0,0.0063894154,0.0,0.030203495,0.07295306,0.13949658,0.0025489896,0.12504843,0.12262082,0.0,0.0,0.0,0.09765645,0.0,0.22655979,0.052635718,0.20973492,0.12680034,0.036756195,0.010443235,0.0,0.0,0.03417191,0.10604546,0.0,0.048865687,0.09805488,0.0,0.024516929,0.0,0.0,0.04459813,0.08184501,0.0,0.0,0.06775887,0.0,0.04755645,0.0,0.048532933,0.0,0.0,0.0,0.058460403,0.0,0.053303696,0.10477855,0.04158927,0.0,0.0,0.009106684,0.008237876,0.0,0.017964855,0.0,0.0,0.040691294,0.0,0.13835494,0.0,0.048757806,0.0,0.038998015,0.10013514,0.06983092,0.07386791,0.0,0.065326,0.040948678,0.0,0.647087,0.0,0.025141502,0.08457532,0.047668394,0.1339962,0.062233664,0.016607469,0.057445016,0.4847229,0.005139734,0.0,0.0,0.21797991,0.0,0.06267273,0.06743526,0.0,0.013906193,0.0028153397,0.0,0.08956795,0.08906224,0.032883894,0.00083974603,0.072119765,0.0336182,0.0,0.0,0.0,0.0,0.04172975,0.002646348,0.12544425,0.0064052343,0.1352886,0.035982292,0.015033496,0.0,0.0,0.0031174303,0.12286138,0.5195033,0.029817713,0.0,0.04261013,0.08104425,0.0,0.19682275,0.019551694,0.0,0.020811452,0.0,0.050296903,0.0,0.0,0.044279557,0.15656705,0.075148344,0.0,0.0,0.10621967,0.13776618,0.053163595,0.04435588,0.10873168,0.0,0.110207416,0.0,0.018176502,0.0,0.6420646,0.056306936,0.0,0.0,0.035799082,0.0,0.029034078,0.08514571,0.0062913992,0.0,0.080211565,0.009629714,0.014928079,0.03608356,0.016129725,0.0007866431,0.0,0.0,0.0,0.0,0.034632515,0.0,0.01354584,0.017183715,0.10576624,0.0,0.0,0.0,0.0,0.0,0.05123229,0.0,0.13319898,0.048890684,0.017753249,0.0,0.0,0.08313387,0.06858835,0.01111292,0.0,0.0,0.0,0.15568838,0.020571828,0.0,0.0,0.055207886,0.23587342,0.053457476
81438,0.025526399,0.25967476,0.14575987,0.13539916,0.25895306,0.1535139,0.0,0.030589892,0.17277615,0.002572304,0.019862115,0.078698635,0.09898704,0.035360146,0.08240524,0.0,0.07357588,0.0810258,0.063418955,0.074804984,0.019233441,0.07019542,0.0,0.23908988,0.02567913,0.21501349,0.12039633,0.10441899,0.047723744,0.0,0.020294335,0.0,0.075843595,0.035084303,0.08771785,0.7550313,0.6415152,0.0,0.0,0.1970845,0.050160196,0.7752189,0.3172259,0.5112546,0.48185968,0.11248677,0.14922543,0.0,0.05048213,0.33082905,0.26746854,0.0,0.0,0.017158777,0.0,0.01817084,0.0,0.2123761,0.29840973,0.0,0.0,0.07323686,0.08780604,0.0,0.0,0.0,0.0,0.16525654,0.0,0.083780184,0.16433047,0.0,0.14109631,0.0,0.23076521,0.0,0.0,0.70346,0.09063461,0.5379879,0.17849413,0.12489673,0.0,0.0,0.029871572,0.0615669,0.023849502,0.0,0.013176071,0.124881044,0.019204432,0.0,0.09280362,0.07683586,0.22461043,0.06169306,0.16775511,0.19823144,0.0,0.0,0.010804939,0.38895136,0.036949463,0.36925653,0.024923256,0.2693505,0.1984049,0.14642844,0.08503737,0.028022671,0.0,0.077552885,0.15792802,0.06462025,0.038091373,0.23474784,0.14363198,0.1579552,0.42959356,0.016464531,0.0839379,0.20919417,0.0,0.003088373,0.1087194,0.0,0.112742625,0.08858521,0.120502785,0.37248465,0.0,0.5758407,0.08272357,0.0061701178,0.23203965,0.108136706,0.10123538,0.0,0.0,0.01867109,0.21636882,0.028270677,0.14423361,0.014263756,0.0,0.0,0.0,0.1974362,0.0,0.097981505,0.0,0.14753656,0.3871729,0.0,0.022383412,0.0,0.22891405,0.0398345,0.014120007,0.8995272,0.0,0.04187744,0.5600428,0.0754421,0.25278458,0.0027155697,0.03511126,0.0,0.6722375,0.0,0.0118406955,0.0,0.22344036,0.098828174,0.045043632,0.033941533,0.0,0.0,0.061728436,0.032249868,0.20667091,0.09940165,0.0,0.28588805,0.09672682,0.089688085,0.0,0.0,0.0,0.0,0.10927244,0.006409091,0.20331894,0.07102064,0.07252415,0.09566151,0.017933542,0.0,0.0,0.15938531,0.083618164,0.63180554,0.04211989,0.0,0.23482409,0.41921535,0.0,1.0995126,0.016833235,0.03885938,0.043188676,0.014563993,0.026002003,0.10236498,0.0,0.07644943,0.2685266,0.27410746,0.008716789,0.061914194,0.13326004,0.040901672,0.04179129,0.079665005,0.15126184,0.055221606,0.09787824,0.0,0.14347242,0.0,0.69251835,0.10017996,0.12661734,0.11190348,0.08989205,0.0,0.18367597,0.15221277,0.029967217,0.0,0.026387185,0.0,0.069338456,0.15652142,0.0,0.0,0.01718229,0.0,0.0,0.0,0.06636443,0.27086636,0.15965542,0.0,0.11726755,0.0,0.04116391,0.0253015,0.2280468,0.0,0.0803458,0.0,0.56182164,0.059790235,0.10986181,0.0,0.75620574,0.037377585,0.10194402,0.02053018,0.080571875,0.030167287,0.0,0.19241175,0.13738035,0.07553666,0.0,0.04393055,0.33326194,0.11378666
81447,0.0,0.113394156,0.1687513,0.002559781,0.094167456,0.055515368,0.0,0.0,0.09190215,0.0,0.0,0.0,0.0,0.046263415,0.0,0.0,0.0,0.12360928,0.0,0.00977124,0.0,0.0,0.0,0.05160444,0.5781342,0.20878254,0.13456307,0.10953074,0.012287467,0.0,0.0,0.048042938,0.055413365,0.0,0.099338375,0.30151543,0.35300773,0.019730944,0.04382241,0.12028368,0.14016329,0.4126923,0.15385227,0.5159628,0.19085279,0.0,0.13660596,0.13996196,0.0663488,0.09860574,0.015887428,0.24503736,0.04832505,0.010772513,0.15350476,0.055069365,0.033074435,0.089888714,0.051341843,0.0,0.0,0.0,0.0,0.0,0.0,0.0,0.025371933,0.052625168,0.0,0.0,0.0,0.0,0.0760657,0.11765623,0.038106024,0.0,0.0,0.5687594,0.008841527,0.39021662,0.11841386,0.0,0.0,0.0,0.05613189,0.11084592,0.03412744,0.0,0.050627436,0.0,0.10936172,0.0,0.0,0.0,0.0,0.0,0.0,0.3155964,0.0,0.0,0.08297552,0.35753497,0.0,0.10718286,0.0,0.17025916,0.021291962,0.16784635,0.14668436,0.0,0.0,0.0,0.05866142,0.0,0.0,0.23226972,0.054428317,0.208409,0.11917591,0.0,0.10081768,0.13518006,0.0,0.0,0.0,0.0,0.026194561,0.18634395,0.0,0.2702833,0.17407659,0.2229116,0.06634711,0.013234699,0.27999598,0.0,0.07314624,0.058796026,0.0,0.0,0.11635142,0.0,0.0,0.0,0.0,0.0,0.0,0.09705787,0.0,0.0,0.0,0.17619626,0.19379106,0.0,0.13233197,0.0,0.28523192,0.03776073,0.052019358,0.28357598,0.059289254,0.024856938,0.39881134,0.066040635,0.2036042,0.0,0.0,0.0,0.2319942,0.0,0.03857062,0.056755085,0.1640098,1.0610775,0.0,0.0,0.0,0.0,0.06992834,0.06045226,0.16808796,0.0,0.0,0.10957493,0.0,0.035878368,0.0,0.0,0.0,0.0,0.0,0.0,0.07566811,0.07028729,0.087103434,0.1926049,0.09817057,0.0,0.0,0.04912087,0.058829952,0.0,0.0,0.04119888,0.056389906,0.6093914,0.0,0.8013015,0.0,0.15515587,0.17373851,0.0,0.0,0.026043057,0.0,0.011073095,0.07358881,0.105688095,0.0,0.0,0.0,0.0,0.0,0.09851505,0.0022255392,0.34260184,0.0,0.0,0.15391448,0.20493065,0.37032533,0.0734389,0.1469229,0.17532498,0.06865273,0.033189464,0.3686353,0.18545358,0.0,0.0,0.0,0.28316912,0.017574577,0.03365127,0.0,0.0,0.12959263,0.0,0.0,0.0,0.24737377,0.08441701,0.09809077,0.15066259,0.14225687,0.0,0.02494905,0.14574565,0.09743112,0.0,0.030700613,0.0,0.51372087,0.0,0.14217697,0.0,0.2979497,0.008125878,0.09145454,0.08534067,0.10884893,0.05308583,0.0,0.015708828,0.25163037,0.070774585,0.13476287,0.0786111,0.457947,0.10659044
81453,0.007911886,0.23854335,0.14985356,0.110976234,0.25643072,0.15596686,0.0,0.022764377,0.123617075,0.0,0.038835105,0.05417484,0.10469138,0.024633199,0.06927707,0.0,0.072668545,0.0753791,0.052877933,0.013314283,0.032173563,0.058216132,0.0,0.23955786,0.06088574,0.17972879,0.088973574,0.067343906,0.058831334,0.0,0.015112485,0.0,0.04011746,0.05170044,0.06291154,0.6932541,0.66083854,0.0,0.0,0.16962767,0.058369804,0.8571083,0.3575458,0.47948512,0.5068007,0.0865547,0.12270325,0.0,0.06313413,0.286347,0.29386935,0.0,0.0,0.011566866,0.0,0.0,0.0,0.1881039,0.3324197,0.0,0.0,0.063303925,0.10031787,0.0,0.0,0.0,0.0,0.17544912,0.0,0.09969659,0.09342326,0.0,0.15373276,0.0,0.15389228,0.0,0.0,0.55036765,0.07294701,0.5698784,0.18874241,0.12655608,0.0,0.0,0.013968701,0.038885448,0.0,0.0,0.0,0.12203082,0.0,0.0,0.059976924,0.07554068,0.20404859,0.048610896,0.14814119,0.18977898,0.0,0.0,0.0,0.397209,0.032013312,0.28046054,0.009993118,0.23011556,0.18172613,0.06378668,0.042556163,0.02519529,0.0,0.08398693,0.14660862,0.061896633,0.058084767,0.22454107,0.16246422,0.14888637,0.46604595,0.034801222,0.059693165,0.20601045,0.0,0.0,0.10767076,0.0,0.088053,0.021793747,0.12521677,0.37598667,0.0,0.62164706,0.07170824,0.0,0.19244836,0.09978976,0.0889703,0.0,0.0,0.021373749,0.23180209,0.059578087,0.1699369,0.010945928,0.0,0.0,0.0,0.19738562,0.0,0.098825686,0.0,0.12392681,0.385335,0.0,0.011435977,0.0,0.22181645,0.019778842,0.04004569,0.8149587,0.0,0.02722387,0.44756195,0.04645136,0.19855116,0.0,0.021363053,0.0,0.5661781,0.0,0.0,0.0,0.20344277,0.16418362,0.044720393,0.05742667,0.0,0.0,0.056375444,0.02051934,0.18045107,0.11722217,0.0,0.312757,0.12009906,0.10994186,0.0,0.0,0.0,0.0,0.10845901,0.0008125991,0.14730008,0.0,0.06096172,0.039239176,0.0,0.0,0.0,0.15308647,0.08416586,0.64037716,0.022616915,0.0,0.25573158,0.27335876,0.0,1.1632429,0.006409645,0.0056562307,0.020084191,0.0012935043,0.013409354,0.12436314,0.0,0.08558916,0.20792031,0.26844826,0.007849157,0.062124033,0.13675623,0.028781328,0.018130481,0.049393814,0.12818472,0.051545095,0.10710093,0.0,0.11286171,0.0,0.64621633,0.093648635,0.14606851,0.06634035,0.08087442,0.0,0.16551597,0.13824235,0.02094375,0.0,0.02595584,0.0,0.0589358,0.14534597,0.0,0.0,0.0,0.0,0.0,0.0,0.0,0.29905465,0.091500744,0.0,0.11182425,0.0,0.03733743,0.008007425,0.25027817,0.0,0.05807444,0.0,0.5102495,0.047793947,0.099525325,0.0,0.79890716,0.03943452,0.07395807,0.0,0.07338846,0.031190136,0.0,0.16956067,0.09886607,0.045267243,0.0,0.006863606,0.25318095,0.0886802
81463,0.059925225,0.30433264,0.044574678,0.16693918,0.054282714,0.26889178,0.0,0.19632097,0.03292125,0.112891875,0.0,0.11067841,0.015621841,0.056107916,0.038427096,0.0,0.044980478,0.04033087,0.055882335,0.07045746,0.0,0.09822451,0.0,0.1370724,0.0,0.23070078,0.0,0.0,0.04873721,0.0,0.0,0.0,0.091872886,0.0,0.08159707,0.95613426,0.0,0.0,0.043373402,0.16030781,0.0,0.0,0.0,0.015428254,0.0,0.15458861,0.0112026185,0.0,0.0,0.12361765,0.0,0.0,0.0,0.18821602,0.0,0.028753757,0.0,0.05446417,0.0,0.0,0.0731342,0.1466643,0.007885182,0.0,0.0,0.0,0.0,0.023611352,0.0,0.077410795,0.3366612,0.0,0.008191459,0.0,0.37538606,0.06742666,0.0,0.84544766,0.038780224,0.0,0.0,0.09033027,0.0,0.0,0.010209143,0.095565416,0.0,0.0,0.27122933,0.0,0.021315897,0.0,0.15876232,0.06615994,0.17394423,0.045671355,0.22415529,0.06186198,0.0,0.0,0.0,0.088186584,0.01808544,0.5990714,0.061106425,0.09300226,0.121017575,0.08068215,0.055942357,0.0,0.0,0.019472344,0.16938134,0.0,0.0,0.06337942,0.0,0.0,0.0,0.0,0.011503366,0.08048799,0.024713887,0.06276368,0.04390778,0.0,0.13083196,0.01834265,0.014002249,0.0,0.0,0.0,0.032693733,0.0,0.045450605,0.14088446,0.069416426,0.0,0.06535979,0.050913103,0.0,0.0,0.0,0.0,0.0,0.0,0.028467804,0.1483954,0.0,0.019579355,0.00069747533,0.08050906,0.14151445,0.09692903,0.0313278,0.0053686025,0.046485614,0.11565342,0.0,0.9698886,0.0,0.09390563,0.08356147,0.086553864,0.26794448,0.112855636,0.058638394,0.06337418,0.8899,0.038796794,0.0,0.0,0.09926755,0.0,0.07156137,0.0,0.0,0.14021687,0.009455915,0.0,0.12501004,0.06417438,0.016553838,0.0,0.009564353,0.0,0.008047453,0.0,0.0,0.0,0.010056711,0.014792445,0.3618264,0.37716508,0.12688662,0.023419032,0.063387714,0.0004345693,0.0,0.029687082,0.07876306,0.50838774,0.050500434,0.0,0.0,0.440836,0.0,0.0,0.036901116,0.06394052,0.06539851,0.0,0.07160796,0.0,0.0,0.05065719,0.29001668,0.14129773,0.012357773,0.005151022,0.08208478,0.078490935,0.12269135,0.0744445,0.13651882,0.0,0.10609692,0.0,0.10206337,0.3077437,0.8197495,0.09095861,0.0,0.0,0.059041567,0.049621638,0.020748246,0.09988453,0.027553996,0.0,0.081473954,0.010623789,0.021029906,0.061951168,0.0,0.0,0.19006197,0.0,0.100224115,0.0,0.1988626,0.0,0.19069593,0.0,0.027374834,0.0,0.014212861,0.0,0.0,0.0,0.09616356,0.0,0.3354901,0.07659718,0.015473753,0.0,0.0,0.077288926,0.13429052,0.04401227,0.040085908,0.0193362,0.0,0.25730258,0.05333854,0.0,0.04765413,0.17959355,0.23358321,0.08986564
81519,0.046411727,0.25191376,0.05509723,0.17499004,0.07154265,0.22677533,0.0,0.17320287,0.072799765,0.097003415,0.0,0.11284363,0.024445215,0.051657766,0.040899016,0.0,0.058730163,0.044294246,0.055842694,0.0508891,0.0,0.100825064,0.0,0.15027384,0.0,0.23789744,0.03233142,0.01790366,0.046246864,0.0,0.0,0.0,0.08348036,0.008355691,0.08517297,0.94106644,0.0,0.0,0.029536111,0.16116822,0.0,0.0,0.0,0.14655943,0.0,0.15420425,0.06472266,0.0,0.0,0.19158737,0.0,0.0,0.0,0.16383824,0.0,0.041499693,0.0,0.12055953,0.0,0.0,0.048744787,0.13617465,0.014790612,0.0,0.0,0.0,0.0,0.056978054,0.0,0.08202409,0.31205544,0.0,0.012741889,0.0,0.35635096,0.059258174,0.0,0.84667367,0.056028407,0.004714155,0.0,0.089094654,0.0,0.0,0.0178728,0.07455033,0.011233366,0.0,0.23310338,0.0,0.0428462,0.0,0.14986585,0.073141806,0.16905668,0.039957207,0.20743361,0.120743945,0.0,0.0,0.0033012212,0.1135937,0.013096521,0.5776452,0.06675246,0.16661952,0.1389985,0.11583743,0.07878533,0.0,0.0,0.02300128,0.16039076,0.0,0.0,0.105493836,0.0,0.036580537,0.0,0.0,0.03404968,0.097965956,0.020216256,0.0410814,0.044396594,0.0,0.1278003,0.044545796,0.026241327,0.0,0.0,0.0,0.05160013,0.0,0.09918995,0.13914192,0.071008585,0.0,0.039847538,0.041420188,0.0,0.0,0.0,0.0,0.0,0.0,0.009430251,0.15583949,0.0,0.03672194,0.0,0.10092225,0.16306987,0.08722754,0.07545939,0.0,0.079978205,0.09482145,0.0,0.9431305,0.0,0.08214239,0.1624829,0.096204534,0.27046642,0.09803428,0.06417618,0.045163132,0.8633353,0.011796364,0.0,0.0,0.15827902,0.0,0.07418029,0.0058294977,0.0,0.07972676,0.009942081,0.0,0.14638306,0.067331985,0.00982331,0.0,0.0041196677,0.0027058453,0.0,0.0,0.0,0.0,0.023009053,0.013515702,0.34645903,0.3315898,0.13010351,0.044025537,0.062377054,0.0028162883,0.0,0.037330177,0.11271322,0.48638162,0.04711015,0.0,0.0,0.49047595,0.0,0.073999465,0.037668157,0.06446485,0.063221194,0.0,0.064651564,0.0,0.0,0.047555923,0.29141065,0.14951105,0.004931036,0.0013838205,0.086739436,0.10195996,0.11604791,0.07592009,0.14048795,0.0,0.087576784,0.0,0.10560749,0.26768717,0.80289793,0.09157173,0.0,0.0,0.060542643,0.052155912,0.04742147,0.11141091,0.025277996,0.0,0.077135466,0.04498649,0.029981678,0.07358417,0.0,0.0,0.16075705,0.0,0.06765024,0.0,0.20907758,0.0,0.17531149,0.02632961,0.037807483,0.0,0.008847879,0.0,0.0,0.0,0.0972776,0.0,0.3551075,0.077117935,0.027194226,0.0,0.0,0.08928885,0.13287726,0.049137365,0.035988346,0.012453801,0.0,0.25031888,0.06937554,0.0,0.034948625,0.15413108,0.30758402,0.1015981
81520,0.0,0.20611623,0.099727646,0.118771255,0.17196442,0.18567573,0.0,0.048580986,0.055926334,0.01329799,0.045149744,0.039009064,0.09563682,0.010722465,0.05417781,0.0,0.06575959,0.039702673,0.026438603,0.0,0.009384507,0.0517341,0.0,0.22691278,0.038349807,0.14716272,0.055863287,0.030264163,0.05881811,0.0,0.0,0.0,0.04076655,0.09486493,0.03429083,0.7255923,0.35201642,0.0,0.0,0.12775385,0.0,0.450286,0.18015108,0.3017703,0.23214309,0.080492534,0.10090142,0.0,0.0064830543,0.21644728,0.20085831,0.0,0.0045927167,0.03525314,0.0,0.0,0.0,0.18368615,0.20166564,0.0,0.0,0.056542337,0.096175365,0.0,0.0,0.0,0.0,0.14782695,0.0,0.12595476,0.06693971,0.0,0.09547188,0.0,0.13195632,0.0,0.0,0.4690999,0.043572288,0.36320445,0.088372014,0.11580711,0.0,0.0,0.0009917319,0.022956217,0.0,0.0,0.0,0.060922958,0.0,0.0,0.041665558,0.07180848,0.18585096,0.01730079,0.0952238,0.12877737,0.0,0.0,0.0,0.24029362,0.016037723,0.25824237,0.026131893,0.19393662,0.16153257,0.0050420165,0.0073931515,0.0,0.0,0.06992039,0.13087948,0.0,0.0620623,0.1543186,0.10607959,0.074976385,0.26143378,0.0,0.044820096,0.12509516,0.0,0.0,0.09861623,0.0,0.068516016,0.0,0.103162065,0.17092226,0.0,0.296069,0.061214365,0.0,0.08088632,0.09582281,0.06270488,0.0,0.0,0.02161246,0.13554887,0.030458072,0.1242782,0.0,0.0,0.007280639,0.0,0.1564687,0.0,0.10104231,0.0,0.071234815,0.2451934,0.0120729925,0.011961601,0.0,0.12415463,0.022528606,0.0,0.7571304,0.0,0.016526653,0.21821527,0.027071936,0.12158314,0.0,0.023235826,0.0,0.5658795,0.0,0.0,0.0,0.2317678,0.10769254,0.04902241,0.058440696,0.0,0.0,0.034240603,0.0,0.124186195,0.11558946,0.001559262,0.1851666,0.117443554,0.07020911,0.0,0.0,0.0,0.0,0.08747012,0.0,0.12503724,0.0,0.08332845,0.012632245,0.0,0.0,0.0,0.07683388,0.08743174,0.6416642,0.016529182,0.0,0.19286774,0.13828227,0.0,0.7460642,0.0017813385,0.0,0.0,0.0016163498,0.021036794,0.051272165,0.0,0.07146559,0.15320711,0.14545523,0.0,0.042783525,0.12160321,0.06450364,0.01877147,0.0,0.09538864,0.0,0.06806361,0.0,0.04098637,0.0,0.70446974,0.07139116,0.071353875,0.0,0.0630042,0.0,0.07852798,0.10194506,0.016553009,0.0,0.042503696,0.0,0.035189535,0.091451846,0.0,0.0,0.0,0.0,0.0,0.0,0.0,0.14612307,0.049499724,0.0,0.08259583,0.0,0.01142437,0.0,0.15459996,0.0,0.037050594,0.0,0.29355454,0.02880208,0.041968,0.0,0.405328,0.04466896,0.04049865,0.0,0.008512616,0.018856365,0.0,0.15570064,0.031729687,0.0309064,0.0,0.0038178563,0.20104761,0.058551755
81506,0.0,0.3656632,0.24555348,0.1551775,0.3846819,0.22938131,0.0,0.021890307,0.21710594,0.038235657,0.0,0.0641359,0.12724201,0.048311897,0.10141369,0.0,0.07842414,0.105477296,0.09313022,0.1333621,0.057961106,0.054427166,0.0,0.25726068,0.11881399,0.25462055,0.12744525,0.14338224,0.0763565,0.0,0.012858324,0.0,0.08982117,0.0,0.116208754,0.7756523,0.7519878,0.0,0.0,0.23562136,0.17711371,1.1352285,0.48746395,0.7707165,0.596094,0.0942946,0.1870956,0.0,0.12820624,0.406495,0.37065965,0.0,0.0,0.04392908,0.0,0.041788824,0.0,0.2739203,0.45804435,0.0,0.0,0.06997208,0.08801906,0.0,0.0,0.0,0.0,0.18983135,0.0,0.11497533,0.13882397,0.0,0.26055,0.0,0.18563078,0.0,0.0,0.75721633,0.10830605,0.7420337,0.31617337,0.13094048,0.0,0.0,0.043956555,0.06982949,0.0061800913,0.01838864,0.07840049,0.16241756,0.047746774,0.0,0.08012726,0.08833162,0.1813097,0.043100137,0.17167072,0.32407978,0.0,0.0,0.013645509,0.60322136,0.036361597,0.34448585,0.019427866,0.38342038,0.1859167,0.17173904,0.16151412,0.0075153993,0.0,0.105123736,0.1676997,0.1298858,0.037255038,0.3521397,0.18536495,0.29212958,0.5278124,0.013956333,0.11956153,0.29207253,0.0,0.0,0.12496555,0.0,0.11316445,0.071383476,0.14180014,0.60794395,0.0,0.9400779,0.11062826,0.033313967,0.33214426,0.09311309,0.13617156,0.0,0.0,0.01892653,0.3542761,0.08407587,0.20613606,0.030360876,0.0,0.018298512,0.027003223,0.25549468,0.0,0.05680554,0.0076283216,0.20994048,0.5753059,0.0,0.10762751,0.0,0.36430514,0.015029758,0.16719532,0.80167305,0.0,0.02137241,0.5255334,0.1005856,0.30714962,0.010159885,0.01755399,0.0,0.5129582,0.0,0.01800821,0.0,0.31036592,0.24993543,0.047847714,0.07148541,0.0,0.0518744,0.06340351,0.07489426,0.2665113,0.14059524,0.0,0.37587985,0.114641145,0.152153,0.0,0.0,0.0,0.0,0.1395251,0.014250293,0.18013108,0.0037936212,0.11919776,0.17639521,0.03159672,0.0,0.0,0.21533313,0.14945237,0.38744774,0.054841485,0.0,0.29864225,0.4566178,0.0,1.5497725,0.049202777,0.09055816,0.06627635,0.033719234,0.03735846,0.18317847,0.0,0.10419428,0.29100543,0.42415008,0.0,0.04644979,0.13879183,0.04452668,0.04704411,0.11957011,0.18219078,0.2221918,0.13140386,0.0,0.2324235,0.0,0.66379166,0.12339653,0.25625077,0.19537829,0.07657978,0.0,0.32736552,0.20744763,0.01929067,0.0,0.07754681,0.05571161,0.075001806,0.1887244,0.0,0.0,0.022508908,0.0,0.0,0.0,0.11278214,0.4477848,0.09539273,0.0019189597,0.17117383,0.0,0.056107063,0.05193326,0.34127077,0.0,0.09897351,0.0,0.78735894,0.055800743,0.15925825,0.0,1.104739,0.08270546,0.1542748,0.02025554,0.14809065,0.047716644,0.0,0.21146989,0.20493631,0.10162472,0.0,0.050186295,0.45070896,0.11245721
81528,0.0014284708,0.23166128,0.14836246,0.11214727,0.24034534,0.1791616,0.0,0.03249443,0.117464416,0.010274348,0.032147374,0.055350967,0.0962666,0.031121964,0.06643132,0.0,0.06682093,0.07189811,0.049769025,0.022617523,0.0333105,0.059642084,0.0,0.22458883,0.053846955,0.17946124,0.07771064,0.06433673,0.061239768,0.0,0.010348815,0.0,0.045001186,0.05751424,0.06288241,0.6910419,0.5378457,0.0,0.0,0.16613506,0.061372377,0.7462331,0.31329918,0.45423317,0.41244394,0.08537388,0.12023955,0.0,0.057358768,0.27139226,0.26432577,0.0,0.0,0.03357271,0.0,0.0037034333,0.0,0.18563136,0.30160108,0.0,0.0,0.058823563,0.08970598,0.0,0.0,0.0,0.0,0.1587302,0.0,0.1052411,0.1032254,0.0,0.14503,0.0,0.15819441,0.0,0.0,0.5746724,0.06867909,0.47929272,0.16720702,0.12130356,0.0,0.0,0.01653241,0.048638202,0.0,0.0,0.0,0.09590236,0.0,0.0,0.06583909,0.07616086,0.18184626,0.029896159,0.120660104,0.17538524,0.0,0.0,0.0,0.37305784,0.032787222,0.30075273,0.01889734,0.2265452,0.17346857,0.074350215,0.046986528,0.013167873,0.0,0.076489285,0.14761046,0.046638012,0.041212983,0.20945409,0.14210267,0.13794708,0.3830669,0.010274971,0.06715039,0.1919976,0.0,0.0,0.10133421,0.0,0.09028876,0.016553689,0.11635549,0.34316036,0.0,0.56855804,0.07366567,0.0,0.17766099,0.09304638,0.08564561,0.0,0.0,0.02167267,0.21127759,0.052992936,0.15717842,0.008520222,0.0,0.0,0.0,0.18008429,0.0,0.083098136,0.0,0.12445711,0.38493666,0.0,0.020573752,0.0,0.20716098,0.021258317,0.048931744,0.76509124,0.0,0.027773071,0.38573465,0.050107844,0.19193235,0.0,0.020901555,0.0,0.5361845,0.0,0.0,0.0,0.21108118,0.14264883,0.044228967,0.05531151,0.0,0.0,0.049675,0.011349792,0.17693414,0.11075244,0.0,0.27027714,0.11047553,0.09532759,0.0,0.0,0.0,0.0,0.10675313,0.0011245132,0.15574391,0.0,0.07506289,0.044550367,3.027916e-05,0.0,0.0,0.1433733,0.08756331,0.522391,0.02736556,0.0,0.23632555,0.29051208,0.0,1.0549177,0.011504215,0.016445255,0.025962511,0.0034634143,0.020965135,0.10232686,0.0,0.08428991,0.20236085,0.25140545,0.0,0.05093779,0.12289112,0.038739804,0.025460703,0.04674819,0.12779441,0.06933613,0.07874941,0.0,0.11764606,0.0,0.6434703,0.09139914,0.12779765,0.05586761,0.07701068,0.0,0.16391581,0.1317796,0.021186983,0.0,0.03777783,0.0,0.054474812,0.13848212,0.0,0.0,0.0,0.0,0.0,0.0,0.016835714,0.29186726,0.086128145,0.0,0.103247784,0.0,0.03620533,0.007968915,0.22382508,0.0,0.06214087,0.0,0.4985116,0.0485186,0.08495676,0.0,0.72397345,0.04866312,0.082350805,0.0,0.06040722,0.03131467,0.0,0.17936248,0.094615854,0.03883451,0.0,0.015607852,0.26023087,0.08392917
82222,0.0,0.49421427,0.23340075,0.24307685,0.39256343,0.27910757,0.0,0.035358112,0.33476433,0.056258917,0.0,0.1084677,0.15601616,0.071542956,0.16487567,0.0,0.0891329,0.10919475,0.10270224,0.3916981,0.019777894,0.07648093,0.0,0.2978898,0.043849092,0.29471526,0.23555498,0.25632522,0.050147433,0.0,0.019185966,0.0,0.24483185,0.0,0.16947399,1.0155131,0.7045693,0.046160728,0.074484035,0.31724593,0.12555067,0.94370997,0.39582282,0.8058139,0.50977486,0.17961894,0.29982844,0.0,0.11466551,0.5218184,0.28625286,0.0,0.0,0.02811274,0.028663045,0.071171574,0.18745051,0.38709486,0.3974974,0.0,0.0,0.10594081,0.079104096,0.0,0.0,0.0,0.05527733,0.17581235,0.0,0.09947171,0.28575855,0.0,0.23081017,0.0,0.36952195,0.00688982,0.0,1.1551802,0.15456,0.63374513,0.28561443,0.14098154,0.0,0.0,0.079347454,0.12415319,0.071631245,0.061185457,0.28350094,0.16840748,0.09617479,0.045984592,0.15505119,0.08823284,0.27196917,0.09233888,0.2323672,0.32427856,0.0,0.0,0.061286833,0.54338187,0.035674624,0.5486359,0.04320343,0.51003027,0.25142628,0.32765484,0.28365204,0.013376477,0.0,0.10089717,0.18812235,0.14115265,0.0060345144,0.39038044,0.17209822,0.28601465,0.47049925,0.0,0.17167328,0.27329746,0.017360235,0.07090091,0.16942869,0.0,0.17766221,0.2083514,0.13703477,0.55528075,0.058283545,0.7522222,0.14570811,0.09825348,0.40491787,0.12762356,0.16969836,0.0,0.0,0.014998843,0.29379043,0.025741516,0.15201382,0.04977425,0.0,0.008097867,0.06783473,0.28539562,0.0,0.07432782,0.0,0.25707096,0.5720045,0.020285403,0.11845827,0.0,0.3498609,0.054129757,0.0844738,1.0472081,0.0,0.054964136,0.64372694,0.16713394,0.42696974,0.041291308,0.050054748,0.0,0.8082514,0.0,0.116777375,0.029635353,0.44063687,0.12396338,0.05139423,0.014576304,0.011414721,0.19888796,0.08265319,0.13247554,0.32611647,0.11592074,0.0,0.33899269,0.10891576,0.1338872,0.0,0.0,0.0,0.0,0.13865207,0.030983655,0.29781425,0.2409451,0.19005786,0.40668496,0.10723736,0.0,0.0,0.21214043,0.13997403,0.44407082,0.115059316,0.010376096,0.26754925,0.68676156,0.0,1.410299,0.07949451,0.156165,0.11072232,0.13220918,0.0922574,0.14329441,0.0,0.09022891,0.426581,0.43259478,0.0,0.05765728,0.13016355,0.07239004,0.09354938,0.18639313,0.22656313,0.19048896,0.11309856,0.0,0.25805256,0.16558671,0.8584666,0.13991308,0.22595361,0.24517956,0.097476326,0.020595884,0.34754726,0.24866317,0.056608375,0.0,0.098828755,0.06942641,0.09115415,0.21554828,0.0,0.0,0.17123428,0.0,0.04729854,0.0,0.289228,0.34128353,0.2908562,0.0070664915,0.1893731,0.0,0.069621414,0.09021409,0.30130565,0.0,0.1538565,0.022753973,0.8914717,0.069142915,0.18472669,0.0,0.9254509,0.079907596,0.21574461,0.08481557,0.17016338,0.0487623,0.0,0.25653568,0.273377,0.2643647,0.13901827,0.14786772,0.65857506,0.1735785
82238,0.0018749692,0.2040129,0.13322215,0.117465235,0.22083353,0.17620938,0.0,0.023244787,0.13284723,0.015178791,0.03492956,0.051364698,0.09278237,0.022435278,0.06839718,0.0,0.073095985,0.06669568,0.04651746,0.023005491,0.020940948,0.054618787,0.0,0.20870963,0.04014099,0.16939187,0.09228593,0.079359524,0.056755614,0.0,0.0022165317,0.0,0.042625856,0.061291713,0.05863739,0.65223736,0.47443008,0.0,0.0,0.14928071,0.037332047,0.6297073,0.26050156,0.4636136,0.35048458,0.08398718,0.14280336,0.0,0.037741162,0.28280142,0.23497005,0.0,0.0,0.035164937,0.0,0.013828409,0.0,0.21626106,0.2617981,0.0,0.0,0.054225873,0.08430018,0.0,0.0,0.0,0.0,0.14852616,0.0,0.11062451,0.08712641,0.0,0.12883882,0.0,0.13663013,0.0,0.0,0.5428509,0.07028031,0.44199067,0.14596485,0.112811245,0.0,0.0,0.01652217,0.04031699,0.004628441,0.0,0.0,0.085946,0.00012016892,0.0,0.05557825,0.07513999,0.169355,0.021745315,0.10183563,0.16969731,0.0,0.0,0.0,0.330876,0.028812662,0.2662295,0.029492626,0.25578824,0.1767916,0.10599204,0.042673957,0.006272496,0.0,0.07368058,0.13306403,0.02844788,0.028513659,0.2006853,0.13340837,0.13079573,0.3311917,0.0,0.081181146,0.17594019,0.0,0.0,0.09854352,0.0,0.086492196,0.036578823,0.11369009,0.29378498,0.0,0.47286507,0.08147887,0.0061899605,0.16248919,0.08660442,0.07772696,0.0,0.0,0.013606113,0.18500158,0.04133373,0.14416988,0.0062237172,0.0,0.0,0.0,0.16351472,0.0,0.0794659,0.0,0.113843076,0.33656177,0.0,0.0324412,0.0,0.19197772,0.015431984,0.027768327,0.7036154,0.0,0.022115514,0.4086003,0.0552341,0.17843108,0.004804513,0.01781485,0.0,0.48702487,0.0,0.0,0.0,0.23843072,0.11365757,0.047055252,0.057593394,0.0,0.0,0.04526381,0.01010474,0.16824272,0.10056672,0.0,0.24258585,0.10033151,0.08433237,0.0,0.0,0.0,0.0,0.104571775,0.0010646045,0.13542932,0.0,0.0888653,0.057216268,0.004910171,0.0,0.0,0.123281114,0.09367921,0.46934184,0.033374783,0.0,0.21772926,0.27226743,0.0,0.9592406,0.011673403,0.011764574,0.022007758,0.0,0.022533035,0.08219248,0.0,0.075968646,0.18569475,0.22524868,0.0,0.0416789,0.12473496,0.06614631,0.02640959,0.045077056,0.12198907,0.04221642,0.06749117,0.0,0.1026896,0.0,0.61523,0.08069044,0.11186991,0.061985295,0.070595615,0.0,0.15732878,0.12724179,0.021198094,0.0,0.037741333,0.0,0.052228052,0.1254423,0.0,0.0,0.0,0.0,0.0,0.0,0.014235258,0.2347881,0.07057079,0.0,0.10185879,0.0,0.025792707,0.005638409,0.19513796,0.0,0.05992056,0.0,0.4385262,0.05185187,0.072891414,0.0,0.622664,0.04629831,0.0775396,0.004558954,0.04564748,0.025077505,0.0,0.17265485,0.090519965,0.035535384,0.0,0.0070978343,0.28801167,0.08575578
82274,0.03127057,0.20327166,0.122822285,0.12454738,0.18344288,0.16176274,0.0,0.0126603125,0.12776326,0.028987575,0.03808375,0.06838433,0.09513589,0.031661756,0.088672884,0.0,0.068104915,0.061721873,0.039623983,0.094755754,0.0057563903,0.06982083,0.0,0.21394184,0.000794822,0.18592106,0.08055762,0.0651428,0.051199175,0.0,0.0023082625,0.0,0.08429275,0.0625344,0.070472784,0.6007187,0.37058505,0.0,0.0,0.15031141,0.023541605,0.46979854,0.18522912,0.41524646,0.2715247,0.098707795,0.118717946,0.0,0.0039129495,0.26252225,0.1862796,0.0,0.0,0.039367896,0.0,0.017650247,0.0,0.18486619,0.18733594,0.0,0.0,0.052957296,0.07841911,0.0,0.0,0.0,0.0,0.13546823,0.0,0.0911736,0.1195566,0.0,0.07645949,0.0,0.17921232,0.0,0.0,0.54519826,0.06811863,0.3483353,0.10323673,0.11030135,0.0,0.0,0.023508644,0.038925618,0.018198226,0.0,0.026631558,0.065727554,0.016812457,0.00062998536,0.0688555,0.074003175,0.1856395,0.024380451,0.11013063,0.15067422,0.0,0.0,0.004545653,0.28531772,0.04019268,0.27167183,0.039973035,0.22659197,0.16348074,0.13064155,0.08324109,0.01298255,0.0,0.047665145,0.13835517,0.0060208323,0.0,0.1638053,0.08774374,0.10298737,0.24155791,0.0,0.077526264,0.16151153,0.0,0.0,0.1060278,0.0,0.08922919,0.05849571,0.0929369,0.227699,0.0,0.36233354,0.07732461,0.0299557,0.15631275,0.0929467,0.0699546,0.0,0.0,0.008557362,0.13936988,0.0,0.10145438,0.0,0.0,0.0,0.0,0.1538534,0.0,0.07765192,0.0,0.12176724,0.30530366,0.008877243,0.029985875,0.0,0.16304426,0.022386326,0.0,0.67055553,0.0,0.03559015,0.45916778,0.07049039,0.19268607,0.018126402,0.040569466,0.0,0.46805373,0.0,0.021091199,0.0,0.19480658,0.04776113,0.049525023,0.045756675,0.0,0.0,0.045249667,0.0,0.17487024,0.079298936,0.002619338,0.1830133,0.10115172,0.06366903,0.0,0.0,0.0,0.0,0.09545808,0.0,0.14576815,0.014514971,0.09116912,0.10848887,0.018406654,0.0,0.0,0.108553186,0.08055307,0.4150384,0.049820222,0.0,0.16911982,0.3168685,0.0,0.7590825,0.008936512,0.022478878,0.028951934,0.010791135,0.042108722,0.052313425,0.0,0.0619358,0.18848407,0.18827625,0.0,0.039846536,0.12050497,0.07412498,0.036136754,0.05423808,0.12608993,0.022783471,0.06261647,0.0,0.10310625,0.0,0.56357354,0.08319978,0.06858318,0.061941303,0.08242266,0.0068149567,0.13657098,0.1156642,0.03165574,0.0,0.038782258,0.0,0.059882987,0.12659523,0.0,0.0,0.004124892,0.0,0.0,0.0,0.046942543,0.18857296,0.12198307,0.0,0.07887727,0.0,0.020229258,0.0045138597,0.13411383,0.0,0.06954258,0.0,0.4109653,0.064938426,0.06821479,0.0,0.477473,0.049678963,0.084433146,0.026747046,0.03505231,0.018754685,0.0,0.18539326,0.09386601,0.09030014,0.0,0.023634298,0.2980544,0.102274016
82282,0.0,0.40309563,0.2355726,0.25520062,0.39731532,0.18082348,0.0,0.045604866,0.41566715,0.035346653,0.0,0.12318064,0.122500554,0.05789159,0.11938293,0.0,0.111424424,0.11430985,0.112502515,0.23281585,0.0,0.08193187,0.0,0.27055112,0.06066088,0.33014765,0.3024877,0.3372,0.044761747,0.0,0.031932015,0.0,0.17683294,0.0014835297,0.17193769,1.084431,0.65560794,0.05989759,0.059832823,0.3101296,0.122814015,0.87053263,0.3567486,1.0275029,0.48237666,0.16198221,0.39777842,0.0,0.090434745,0.646401,0.261121,0.0,0.0,0.033325348,0.058772873,0.105714045,0.10112325,0.5127558,0.36004385,0.0,0.0,0.095077515,0.07067727,0.0,0.0,0.0,0.0,0.1963254,0.0,0.110122874,0.29124042,0.0,0.22815268,0.0,0.35919034,0.030817663,0.0,1.2734027,0.1737642,0.6414507,0.2866428,0.12131458,0.0,0.0,0.09619484,0.10559485,0.100948416,0.035639502,0.28884068,0.14255345,0.14410718,0.0,0.15252781,0.107379794,0.23147587,0.05988152,0.17861739,0.4431486,0.0,0.0,0.082976535,0.5405906,0.02286,0.60529613,0.076417245,0.66848624,0.2893722,0.42743954,0.284363,0.028659958,0.0,0.110445224,0.17486128,0.11267846,0.0,0.46114388,0.17253564,0.34816563,0.43271682,0.0,0.20503655,0.2928213,0.007761711,0.019533556,0.11955591,0.0,0.17738444,0.2762715,0.1477944,0.5519723,0.1292787,0.6915673,0.17207253,0.17035757,0.5063018,0.1106381,0.16617747,0.0,0.0,0.0026998117,0.28037405,0.009051109,0.15916453,0.042476073,0.0,0.0,0.012498954,0.26207122,0.0,0.091270894,0.0,0.2831638,0.57884085,0.011136316,0.24439745,0.0,0.39712614,0.04801414,0.09261532,1.1164274,0.0,0.033577908,0.7681363,0.18440767,0.4388303,0.040290765,0.04608312,0.0,0.8767228,0.0,0.043746214,0.06582985,0.55905783,0.10002022,0.058915414,0.030995829,0.0,0.12653631,0.061480533,0.15488751,0.3499178,0.11136265,0.0,0.32748199,0.02765655,0.1243721,0.0,0.0,0.0,0.0,0.15741938,0.02459377,0.32880637,0.24089964,0.18604021,0.3489801,0.11338343,0.0,0.0,0.2145596,0.23369785,0.44063893,0.0908273,0.0,0.24922803,0.9154329,0.0,1.4641632,0.0911778,0.16251872,0.109504335,0.06907004,0.05475762,0.13035803,0.0,0.08539716,0.4871188,0.41360378,0.0,0.030616809,0.13591135,0.13080688,0.09060621,0.18347843,0.23041677,0.25290045,0.066868514,0.0,0.2675912,0.2033544,0.9447056,0.1334327,0.19809148,0.34126496,0.08169406,0.028917586,0.38027072,0.26676613,0.03928735,0.0,0.08298888,0.17043404,0.098552704,0.21565382,0.0,0.0,0.15445744,0.0,0.0,0.0,0.34711835,0.3330113,0.22294345,0.133379,0.19424924,0.0,0.052877195,0.10139685,0.3113422,0.0,0.15793912,0.0,0.91019744,0.07422798,0.17423227,0.0,0.8674135,0.10608937,0.21870862,0.09236411,0.1396118,0.03504414,0.0,0.2411005,0.30270877,0.13806656,0.13140166,0.12454416,0.8199278,0.17629695
82292,0.0,0.2446773,0.17257279,0.12306819,0.26020414,0.20064607,0.0,0.013501719,0.14578424,0.029234523,0.023902679,0.050370343,0.10618877,0.036749598,0.0831121,0.0,0.07051344,0.0758629,0.055343974,0.066725835,0.034795024,0.056013674,0.0,0.225507,0.06907262,0.19039842,0.087574296,0.086215444,0.067050725,0.0,0.0056747906,0.0,0.06306111,0.04974318,0.07398173,0.6488563,0.5100058,0.0,0.0,0.17215319,0.0899409,0.7502344,0.32225847,0.54300755,0.39830694,0.08149447,0.14605713,0.0,0.06593187,0.30389187,0.26711664,0.0,0.0,0.040037405,0.0,0.020288525,0.0,0.22093451,0.30947095,0.0,0.0,0.049708273,0.084814124,0.0,0.0,0.0,0.0,0.1605139,0.0,0.112649255,0.09222434,0.0,0.15532161,0.0,0.14188026,0.0,0.0,0.5728391,0.0754181,0.5088404,0.19249134,0.11745045,0.0,0.0,0.024188919,0.045862626,0.001301688,0.0,0.009006214,0.09564128,0.016204858,0.0,0.060208615,0.07990309,0.16381069,0.01646291,0.10589304,0.21381222,0.0,0.0,0.0,0.41711304,0.03379506,0.26946932,0.024315422,0.27697337,0.16798343,0.11084973,0.087459326,0.0037496977,0.0,0.07210763,0.14432709,0.053124156,0.021976558,0.23330393,0.13660733,0.17618053,0.36427513,0.0,0.08704492,0.208866,0.0,0.0,0.10942475,0.0,0.08974917,0.026812244,0.11713376,0.37517393,0.0,0.619242,0.088331334,0.0099291,0.20985232,0.08415411,0.09284297,0.0,0.0,0.012740296,0.23408656,0.052544333,0.1593226,0.00857789,0.0,0.0,0.0,0.18701628,0.0,0.064040184,0.0,0.14398743,0.42217112,0.0,0.052332994,0.0,0.23690128,0.007887122,0.08113313,0.66779816,0.0,0.017684264,0.40829298,0.06567206,0.207178,0.0031988844,0.023145584,0.0,0.43148834,0.0,0.00805437,0.0,0.24727789,0.16229936,0.04689951,0.0681139,0.0,0.0,0.050326217,0.02963671,0.19674782,0.11178581,0.0,0.2748719,0.11477213,0.10541504,0.0,0.0,0.0,0.0,0.1164236,0.0034510226,0.13716996,0.0,0.10123181,0.10255349,0.010427475,0.0,0.0,0.1501663,0.107267044,0.37284523,0.041011304,0.0,0.2337615,0.3043414,0.0,1.0952423,0.021208167,0.03756628,0.03741681,0.011717391,0.03308813,0.11339157,0.0,0.082516454,0.19968684,0.27896672,0.0,0.03965337,0.12525798,0.058933504,0.029581292,0.0707973,0.14133506,0.11009269,0.07286615,0.0,0.14092222,0.0,0.59071636,0.09488596,0.15067022,0.0977248,0.07437246,0.0,0.20960999,0.14362822,0.019066695,0.0,0.054923307,0.0023395957,0.05991119,0.14419751,0.0,0.0,0.0,0.0,0.0,0.0,0.040067147,0.31896988,0.067215696,0.0,0.12541084,0.0,0.035181534,0.018576194,0.22617176,0.0,0.07356095,0.0,0.5457069,0.050482344,0.09870478,0.0,0.7602774,0.06293281,0.0990572,0.010886681,0.070788264,0.031468656,0.0,0.18880937,0.11882138,0.065055326,0.0,0.013026315,0.32302576,0.09151446
82309,0.0073856264,0.2627657,0.15441601,0.12771462,0.24704604,0.17330877,0.0,0.029639453,0.13730179,0.016455758,0.022380445,0.05807456,0.10083494,0.030222649,0.07441401,0.0,0.06889113,0.0733979,0.055428494,0.053181242,0.02706045,0.059125114,0.0,0.22648597,0.052049424,0.19193645,0.08706057,0.07821137,0.06042378,0.0,0.006773658,0.0,0.057605315,0.044280443,0.073392734,0.69753736,0.5295769,0.0,0.0,0.17290689,0.06033958,0.7268119,0.30280277,0.49350595,0.40218574,0.091332614,0.13325109,0.0,0.052853275,0.2924324,0.2560585,0.0,0.0,0.037312616,0.0,0.01239547,0.0,0.20609847,0.29331112,0.0,0.0,0.06646448,0.08877608,0.0,0.0,0.0,0.0,0.15640393,0.0,0.10919031,0.11111718,0.0,0.14915441,0.0,0.16726963,0.0,0.0,0.58975124,0.074992776,0.49214846,0.17090309,0.11923411,0.0,0.0,0.0223745,0.048760865,0.0027155073,0.0,0.0,0.097229615,0.007954741,0.0,0.06429161,0.077110015,0.18738794,0.03637714,0.13706742,0.19128077,0.0,0.0,0.0,0.38025385,0.03165693,0.2941911,0.025984395,0.25936365,0.1729109,0.10129104,0.06869108,0.014415616,0.0,0.07755434,0.1464174,0.044866897,0.04222016,0.22356926,0.13888508,0.15196459,0.3711494,0.0030866384,0.08070495,0.19901295,0.0,0.0,0.106129184,0.0,0.08992218,0.032666516,0.11495006,0.34612104,0.0,0.5518963,0.08054414,0.0,0.18852901,0.0969787,0.09029103,0.0,0.0,0.017200163,0.21046112,0.046937693,0.14937223,0.00818851,0.0,0.0,0.0,0.19023696,0.0,0.08109858,0.0,0.13200593,0.38215658,0.0,0.037818026,0.0,0.21806791,0.023765229,0.049197532,0.76833725,0.0,0.029110763,0.41698238,0.062065016,0.21023488,0.0046583563,0.021635408,0.0,0.53491825,0.0,0.0048466832,0.0,0.23116815,0.13676791,0.046137713,0.056525197,0.0,0.0,0.04971031,0.015553111,0.18616916,0.108058095,0.0,0.2653687,0.10896374,0.09583359,0.0,0.0,0.0,0.0,0.10733452,0.0040248334,0.15365371,0.0,0.08693432,0.07838,0.008716762,0.0,0.0,0.14105365,0.09804625,0.5241343,0.035526082,0.0,0.22984803,0.30421028,0.0,1.0524744,0.017658943,0.025964035,0.030974343,0.011482659,0.028007478,0.0985943,0.0,0.0819515,0.22019294,0.25721294,0.0,0.046213802,0.1270508,0.051865485,0.031320747,0.054711413,0.13424788,0.07144928,0.09808075,0.0,0.12602715,0.0,0.6407976,0.09254746,0.13235669,0.07403954,0.075345375,0.0,0.17861372,0.14083514,0.023908898,0.0,0.045829426,0.0,0.057278782,0.13900323,0.0,0.0,0.0,0.0,0.0,0.0,0.036770057,0.27591333,0.09538856,0.0,0.1091276,0.0,0.032988366,0.011012256,0.21875834,0.0,0.0676791,0.0,0.50871503,0.05267551,0.09220318,0.0,0.717528,0.0544531,0.092807464,0.0071445853,0.06577529,0.02979363,0.0,0.1792054,0.10998254,0.057019528,0.0,0.027927583,0.3022494,0.091356024
82315,0.0,0.20278583,0.16545282,0.03398107,0.12639873,0.09697491,0.0,0.0,0.15249081,0.0,0.0,0.0,0.0,0.094316624,0.0,0.0,0.0,0.11776348,0.012874109,0.07193517,0.0,0.0,0.0,0.10905796,0.64470685,0.22456741,0.1840707,0.1216324,0.010567963,0.0,0.0,0.05786366,0.08684366,0.0,0.12420738,0.5617045,0.3651705,0.025965929,0.062879875,0.16062652,0.09381422,0.40082392,0.16169663,0.4272214,0.17162795,0.0,0.21572149,0.15454362,0.07973899,0.14459789,0.07016575,0.2933577,0.04684316,0.0,0.0915026,0.037373453,0.07382967,0.1582377,0.052257936,0.0,0.0,0.0,0.0,0.0,0.0,0.0,0.05220872,0.050650407,0.0,0.13042645,0.0599607,0.0,0.06633998,0.28838018,0.13368566,0.0,0.0,0.89390755,0.06743512,0.35448596,0.091471,0.0,0.0,0.0,0.0654526,0.18500043,0.045297023,0.0,0.12010407,0.009958768,0.065956734,0.0,0.0,0.0,0.00061428547,0.0,0.0,0.24204762,0.0,0.0,0.07055992,0.3616925,0.0,0.25631842,0.08851864,0.22096622,0.024054918,0.18147767,0.16086732,0.0,0.0,0.0,0.08120238,0.0,0.0,0.27450928,0.05766932,0.20570083,0.11336964,0.0,0.13340895,0.1328183,0.004275292,0.0,0.0,0.0,0.0615005,0.20938991,0.0,0.24419813,0.09963824,0.19376862,0.11049066,0.014597649,0.24311478,0.003590393,0.10156261,0.081203245,0.17323363,0.0,0.11062478,0.0,0.0,0.0,0.0,0.0,0.0,0.13009124,0.0,0.0,0.0,0.1943553,0.2207532,0.0,0.05332945,0.0,0.28537664,0.06760712,0.052582026,0.60310274,0.067502394,0.05282631,0.35971186,0.07414853,0.25701067,0.0,0.027679378,0.0,0.50261736,0.0,0.048138034,0.07584535,0.21891442,1.1427801,0.0,0.0,0.0,0.0,0.08582327,0.063943624,0.20437697,0.0,0.0,0.11772864,0.0,0.042407185,0.0,0.0,0.0,0.0,0.0,0.0,0.16055217,0.15674809,0.15033196,0.23980835,0.12430539,0.0,0.0,0.059509423,0.025631955,0.025354458,0.0,0.0836706,0.04821226,0.67526716,0.003995836,0.85334456,0.0,0.20740817,0.16117188,0.0,0.0,0.03563994,0.0,0.03407522,0.16485631,0.1438622,0.0,0.0,0.0,0.0,0.0,0.10471741,0.017952928,0.32730824,0.0,0.0,0.15641941,0.37846404,0.59554815,0.10669462,0.15946794,0.08655663,0.081466876,0.02421235,0.393044,0.22936967,0.0,0.0,0.0,0.2087953,0.00048080683,0.030360525,0.0,0.0,0.19716175,0.0,0.0,0.0,0.27909377,0.09016403,0.18031567,0.07099051,0.15139224,0.0,0.05178654,0.17413835,0.086532004,0.0,0.04723549,0.0024727762,0.6346952,0.0,0.12474139,0.052773904,0.27972126,0.0016480148,0.102305174,0.09417512,0.1532159,0.06739583,0.0,0.047277637,0.24241395,0.09727464,0.12623988,0.09997093,0.5061633,0.11056936
82336,0.056527,0.45375472,0.19352457,0.2882932,0.26792076,0.10922412,0.0,0.0,0.34952864,0.065372385,0.0,0.0858022,0.119662896,0.08445529,0.12802698,0.042130925,0.09052883,0.091271274,0.10026864,0.2706029,0.014361334,0.08484328,0.0,0.24854024,0.01039052,0.28960076,0.21221088,0.2609468,0.051282015,0.0,0.025223142,0.0,0.19293721,0.0,0.1740783,0.87497103,0.2967344,0.053180706,0.059395548,0.32999393,0.0,0.38440615,0.15914653,0.7616173,0.19361015,0.19703406,0.33144888,0.0,0.080659226,0.5341774,0.12594162,0.057335615,0.0,0.03617337,0.08767799,0.10377003,0.15154737,0.4442303,0.14128749,0.0,0.0,0.1603242,0.07079669,0.0,0.0,0.0,0.030056238,0.14332116,0.0,0.15644586,0.24609366,0.0,0.116794966,0.0,0.33493692,0.03560931,0.0,0.93621725,0.11869009,0.40517446,0.1896273,0.105112456,0.0,0.0,0.08755943,0.09151626,0.0869056,0.053517498,0.30199668,0.07695971,0.15326281,0.013481236,0.123005964,0.09424033,0.25818273,0.10970862,0.27104804,0.35867706,0.0,0.0,0.06713315,0.38299945,0.0,0.41198978,0.050241716,0.5688254,0.2530515,0.37704208,0.24830261,0.07460325,0.0,0.052845705,0.14309488,0.047183324,0.02414396,0.33638257,0.06273011,0.22271435,0.17467551,0.0,0.19686435,0.24437237,0.017447412,0.0,0.1230674,0.0,0.15750001,0.20393081,0.10889351,0.33330867,0.045881175,0.30281106,0.1621507,0.18619485,0.5103066,0.16803484,0.1387261,0.0,0.0,0.0,0.14180031,0.0,0.061430614,0.0,0.0,0.03054005,0.14120567,0.2810354,0.0,0.08204165,0.0,0.22205411,0.39779052,0.053235102,0.13094573,0.0,0.282487,0.01606622,0.013243103,0.91933006,0.0,0.04887834,0.6555218,0.16196759,0.4254255,0.036349438,0.075944304,0.0,0.6866049,0.0,0.048361167,0.061914463,0.47239628,0.026168872,0.047261078,0.045302972,0.0,0.16862445,0.07695875,0.25288245,0.30503097,0.041803714,0.0,0.16735314,0.079546295,0.08491608,0.0,0.0,0.0,0.0,0.1087634,0.039654616,0.24913712,0.20685904,0.20669685,0.419943,0.11081065,0.0,0.0,0.14465958,0.16129588,0.5561451,0.10462451,0.0702817,0.11675346,0.511321,0.0,0.87628186,0.068284534,0.1457628,0.17767946,0.076958895,0.09073656,0.06283797,0.0,0.026775802,0.45196173,0.28161928,0.0,0.00053682923,0.14182429,0.18472247,0.11046459,0.3217202,0.302796,0.08247786,0.18487927,0.0,0.19496068,0.059018977,0.67586255,0.121244006,0.1360414,0.4041791,0.104919724,0.0013359905,0.28463116,0.21970539,0.0075858324,0.0,0.10835423,0.085427396,0.096627526,0.16502203,0.0,0.0,0.12363096,0.0,0.09272783,0.0,0.28029808,0.12509663,0.2360271,0.058974184,0.40115473,0.0,0.040108938,0.09150163,0.12243636,0.0,0.16908163,0.05312076,0.6685161,0.08347424,0.267452,0.0,0.44828063,0.12353045,0.21332636,0.15187962,0.099837884,0.0019591355,0.0,0.23249173,0.2826102,0.1373478,0.1277771,0.13847037,0.6901105,0.18454723
82361,0.0,0.14312916,0.13963431,0.07601852,0.2146571,0.16208914,0.0,0.0049236394,0.068469696,0.0015552611,0.06694855,0.037531644,0.09769136,0.023698116,0.06156948,0.0,0.06721055,0.06460618,0.03485803,0.0,0.038279343,0.054400004,0.0,0.2186071,0.06797131,0.14558706,0.043004513,0.021031266,0.06735953,0.0,0.0062471204,0.0,0.012064087,0.08572243,0.03653009,0.5398583,0.5148525,0.0,0.0,0.12554052,0.064537406,0.7392217,0.31248757,0.41514602,0.41041803,0.058645118,0.08471828,0.0,0.048642755,0.22127984,0.2770686,0.0,0.0,0.023857573,0.0,0.0,0.0,0.145964,0.29301786,0.0,0.0,0.03279455,0.09625416,0.0,0.0,0.0,0.0,0.16595636,0.0,0.10529601,0.030508263,0.0,0.12259158,0.0,0.07780064,0.0,0.0,0.37971947,0.050529964,0.4794643,0.15720265,0.11866975,0.0,0.0,0.0028804957,0.015116349,0.0,0.0,0.0,0.08807291,0.0,0.0,0.03309269,0.07550682,0.15189381,0.0063532847,0.07866138,0.16031514,0.0,0.0,0.0,0.35733864,0.03544454,0.18808898,0.008181014,0.16808163,0.1517599,0.014837134,0.012312419,0.009926251,0.0,0.06609211,0.13223101,0.030692054,0.02857758,0.17213781,0.13539791,0.11905483,0.37536827,0.013455212,0.042965334,0.18158476,0.0,0.0,0.09893859,0.0,0.063250676,0.0,0.11329409,0.31540638,0.0,0.5737664,0.06241402,0.0,0.13907056,0.07782941,0.06339647,0.0,0.0,0.017273888,0.20971982,0.06024002,0.1638784,0.0,0.0,0.0,0.0,0.15746431,0.0,0.081289716,0.0,0.10280471,0.36007306,0.0,0.008389458,0.0,0.18800578,0.0,0.05061083,0.5992247,0.0,0.014055601,0.35068154,0.02621594,0.12879021,0.0,0.01869244,0.0,0.36497572,0.0,0.0,0.0,0.15676351,0.17129448,0.045225125,0.075468116,0.0,0.0,0.044493314,0.0,0.1514428,0.11340761,0.0,0.26596284,0.12804668,0.101341106,0.0,0.0,0.0,0.0,0.10459397,0.0,0.08866992,0.0,0.054549456,0.0,0.0,0.0,0.0,0.13074568,0.0796685,0.4397973,0.013744406,0.0,0.23215523,0.17454056,0.0,1.0195322,0.0,0.0,0.0033601404,0.0,0.01265585,0.11096789,0.0,0.081873395,0.114314094,0.22192441,0.0,0.04857381,0.124560036,0.0363068,0.0025937618,0.02296899,0.104893684,0.054789353,0.06165562,0.0,0.08727474,0.0,0.5245944,0.08062991,0.12275634,0.026309295,0.07492339,0.0,0.13787082,0.104735926,0.014984232,0.0,0.025980825,0.0,0.050368734,0.12812603,0.0,0.0,0.0,0.0,0.0,0.0,0.0,0.30163154,0.026987467,0.0,0.087133326,0.0,0.02692847,0.0,0.21318972,0.0,0.042751193,0.0,0.41150594,0.04583184,0.06742146,0.0,0.6979004,0.04731936,0.04944554,0.0,0.041001152,0.0254148,0.0,0.16116394,0.055377748,0.019058244,0.0,0.0,0.17861871,0.06775576
82388,0.0,0.23930974,0.1557721,0.11694091,0.25279158,0.2015759,0.0,0.028856302,0.13471627,0.019112343,0.026906177,0.056352343,0.10062935,0.03302409,0.07680258,0.0,0.06908264,0.074203886,0.051648814,0.056667883,0.031371273,0.058009636,0.0,0.22513457,0.052756846,0.18349284,0.08994665,0.079440884,0.0607329,0.0,0.0088803405,0.0,0.061708044,0.05214401,0.068181746,0.69225514,0.5415866,0.0,0.0,0.17128228,0.071791045,0.7499677,0.31746796,0.48222408,0.41230989,0.08810426,0.13373011,0.0,0.061021876,0.28674334,0.2669251,0.0,0.0,0.035196252,0.0,0.011332701,0.0,0.20104693,0.3108608,0.0,0.0,0.05406375,0.08561897,0.0,0.0,0.0,0.0,0.15739906,0.0,0.10379752,0.10885556,0.0,0.15157624,0.0,0.16226244,0.0,0.0,0.60914147,0.07394501,0.49210912,0.17943273,0.12130433,0.0,0.0,0.020484908,0.053644996,0.003127259,0.0,0.0,0.10153301,0.0036785782,0.0,0.070955686,0.07626355,0.17771609,0.025899267,0.11223294,0.18521069,0.0,0.0,0.0,0.38920048,0.034798134,0.30981305,0.022780733,0.24772325,0.17585175,0.098860025,0.066395774,0.0055122315,0.0,0.07731467,0.14754303,0.05463753,0.027169475,0.21951666,0.14547849,0.15317656,0.38364306,0.006334579,0.077424094,0.19567695,0.0,0.0,0.107401066,0.0,0.09701718,0.032385685,0.11789348,0.35966173,0.0,0.591355,0.080061994,0.0,0.19064848,0.08770666,0.091541156,0.0,0.0,0.020762606,0.22217534,0.052075744,0.16085638,0.014010695,0.0,0.0,0.0,0.18002148,0.0,0.0754947,0.0,0.13373658,0.40091,0.0,0.029068505,0.0,0.21789205,0.020151699,0.056263305,0.7413072,0.0,0.025247408,0.4016009,0.058749676,0.20272064,0.0023862496,0.022725737,0.0,0.51676816,0.0,0.006270939,0.0,0.2306823,0.14034683,0.04578921,0.053860497,0.0,0.0,0.051776793,0.019554136,0.18734232,0.11135197,0.0,0.276645,0.10953402,0.097062446,0.0,0.0,0.0,0.0,0.1106539,0.0026779533,0.15907036,0.0,0.086909674,0.07491714,0.008358014,0.0,0.0,0.14751624,0.091175206,0.44838616,0.03632433,0.0,0.24114369,0.31915718,0.0,1.0745429,0.017317224,0.028435303,0.03174362,0.0119017875,0.02738308,0.10602472,0.0,0.0841101,0.20427279,0.2666584,0.0,0.04999392,0.12339447,0.04344748,0.029794937,0.058491595,0.13314891,0.08362575,0.066673175,0.0,0.13030057,0.0,0.6432234,0.09278152,0.13771622,0.07201005,0.07637256,0.0,0.18457024,0.1386885,0.021922458,0.0,0.044327993,0.0,0.056727268,0.14275907,0.0,0.0,0.0,0.0,0.0,0.0,0.034173727,0.29860663,0.09047953,0.0,0.1091485,0.0,0.037958194,0.015246493,0.2284308,0.0,0.06916511,0.0,0.528572,0.0491086,0.08874453,0.0,0.74186915,0.048630107,0.091162525,0.0047519775,0.06766286,0.03309948,0.0,0.18862544,0.10706991,0.058714774,0.0,0.017992157,0.2897888,0.08970185
82389,0.0,0.19081466,0.16280983,0.09326949,0.2702434,0.20566125,0.0,0.0076613263,0.12496429,0.0077586384,0.048869915,0.048595943,0.10779538,0.030439025,0.07933023,0.0,0.0726034,0.07731556,0.047646195,0.030888021,0.040918827,0.053372677,0.0,0.23272419,0.07100707,0.16637996,0.09057155,0.07293564,0.06373552,0.0,0.013412252,0.0,0.04688493,0.06567102,0.056278523,0.63034064,0.64143735,0.0,0.0,0.1607605,0.09576031,0.8785753,0.37653717,0.508165,0.50421333,0.07333256,0.13012001,0.0,0.07538688,0.28482753,0.31491852,0.0,0.0,0.015200699,0.0,0.0027272867,0.0,0.19280927,0.35906863,0.0,0.0,0.032994,0.09222291,0.0,0.0,0.0,0.0,0.17512862,0.0,0.09628426,0.07130647,0.0,0.15996993,0.0,0.12095976,0.0,0.0,0.5452744,0.073092714,0.57006115,0.20841269,0.12596641,0.0,0.0,0.01356017,0.041742235,0.0,0.0,0.0,0.12656783,0.0,0.0,0.058738172,0.076956645,0.16883115,0.017298808,0.088341475,0.19577397,0.0,0.0,0.0,0.42692104,0.040085837,0.26634073,0.010907058,0.22962289,0.17582218,0.07533151,0.053392548,0.0039296495,0.0,0.07960867,0.14427742,0.07204006,0.021390667,0.22358017,0.16845828,0.16658188,0.4587492,0.028038884,0.06534735,0.20693412,0.0,0.0,0.11159183,0.0,0.09206172,0.019832445,0.12892066,0.4068369,0.0,0.7040342,0.07768638,0.0,0.20150104,0.07560789,0.08858501,0.0,0.0,0.020759517,0.25882936,0.07091051,0.18964078,0.019480934,0.0,0.0,0.0,0.17624862,0.0,0.0786135,0.0,0.13376379,0.43030128,0.0,0.018755352,0.0,0.234251,0.002778186,0.06622157,0.68594533,0.0,0.0141512845,0.42887637,0.048910517,0.1808269,0.0,0.02076246,0.0,0.4418996,0.0,0.003472258,0.0,0.21302943,0.18144554,0.044905666,0.06410749,0.0,0.0,0.056041326,0.024051493,0.18704155,0.121839754,0.0,0.3242301,0.12303933,0.112358056,0.0,0.0,0.0,0.0,0.1192263,0.0,0.12989348,0.0,0.07362284,0.05420479,0.0,0.0,0.0,0.16368613,0.0859226,0.41145626,0.029393822,0.0,0.27169558,0.29383266,0.0,1.2037815,0.008627057,0.015431297,0.020924425,0.0016749412,0.01747947,0.1363105,0.0,0.08878018,0.16624983,0.28657016,0.0,0.05868807,0.13024531,0.028086072,0.013764048,0.05393071,0.12596345,0.09539204,0.052389916,0.0,0.12835874,0.0,0.5997781,0.092131406,0.16177018,0.07558663,0.07873278,0.0,0.19414577,0.13506405,0.018803956,0.0,0.031956684,0.0,0.0591228,0.15150382,0.0,0.0,0.0,0.0,0.0,0.0,0.0,0.35288963,0.062400397,0.0,0.109035365,0.0,0.041633703,0.016274244,0.26247144,0.0,0.061846305,0.0,0.5429552,0.044786405,0.09129954,0.0,0.8418954,0.040352475,0.076193206,0.0,0.07324018,0.035463754,0.0,0.18407796,0.09955572,0.056770694,0.0,0.0,0.2578237,0.08510789
82176,0.0,0.09174645,0.10549446,0.010469493,0.029787082,0.08286657,0.0,0.0,0.0,0.0,0.0,0.0,0.0,0.046191067,0.0,0.0,0.0,0.069019355,0.0,0.041387435,0.0,0.0,0.0,0.017927123,0.30476832,0.007618916,0.106517844,0.07442583,0.0,0.0,0.0,0.0062643024,0.06517892,0.0,0.046639893,0.29789382,0.21890807,0.033497136,0.048187837,0.08514727,0.068107925,0.19524004,0.072453454,0.3530522,0.04780483,0.01570623,0.10058049,0.028316716,0.019934518,0.040549662,0.0,0.10035926,0.0,0.0,0.049571622,0.026709659,0.044356793,0.04871383,0.014850619,0.0,0.0,0.0,0.0,0.0,0.0,0.0,0.024860304,0.0042547495,0.0,0.0,0.0,0.0,0.068291664,0.17836444,0.036718298,0.0,0.0,0.4492674,0.011577308,0.22044101,0.026484782,0.0,0.0,0.0,0.039203834,0.059216287,0.03138234,0.0,0.04478551,0.0,0.0877193,0.0,0.0,0.0,0.0,0.0,0.0,0.20757818,0.0,0.0,0.051472902,0.1196041,0.0,0.10877831,0.0047136545,0.18422692,0.010348067,0.09767788,0.09485521,0.0,0.0,0.0,0.05432227,0.0,0.0,0.17087564,0.010567526,0.1255421,0.048618138,0.0,0.047001503,0.04197159,0.0066847145,0.0,0.0,0.0,0.0128680235,0.119575076,0.0,0.11587985,0.14208138,0.1013964,0.042752195,0.0,0.20285058,0.0,0.08001876,0.05831311,0.08034824,0.0,0.038710404,0.0,0.0,0.0,0.0,0.0,0.0,0.0952099,0.0,0.0,0.0,0.09264573,0.13729835,0.0,0.10664513,0.0,0.1461426,0.009837212,0.0030412436,0.1926385,0.037298318,0.022836667,0.21325503,0.060204487,0.08380058,0.0,0.0,0.0,0.19654296,0.0,0.04968343,0.03676173,0.15465389,0.57868856,0.0,0.0,0.0,0.0,0.061997414,0.058026996,0.085499786,0.0,0.0,0.050789285,0.0,0.030767048,0.0,0.0,0.0,0.0,0.0,0.0,0.049290907,0.04390606,0.08587086,0.14901625,0.06711557,0.0,0.0,0.026109863,0.07241827,0.0,0.0,0.03179385,0.029639011,0.49973354,0.0,0.4200449,0.011343188,0.10259831,0.08780379,0.0,0.0,0.0,0.0,0.0,0.026691718,0.12310562,0.0,0.0,0.0,0.0,0.0,0.05432036,0.0,0.21823254,0.0,0.0,0.09145721,0.32100397,0.36366752,0.04831597,0.075443484,0.055728335,0.045648836,0.013220764,0.2222122,0.107198074,0.0,0.0,0.0,0.14203107,0.0,0.0,0.0,0.0,0.097697,0.0,0.0,0.0,0.16495116,0.04245602,0.049643572,0.101183884,0.09345984,0.0,0.014470753,0.10862807,0.03745399,0.0,0.042176392,0.0,0.3843767,0.0,0.086899124,0.0,0.13308397,0.0035746784,0.0684806,0.04668286,0.057672597,0.029853707,0.0,0.03541391,0.13170482,0.07941097,0.014944133,0.024412025,0.2814978,0.055168178