,cell_id_num
abbcfblc-1,1
abbconif-1,2
abbdmcdg-1,3
abbebbaa-1,4
abbginop-1,5
abbgpjmi-1,6
abbhfaao-1,7
abbicllp-1,8
abbkgpga-1,9
abbkhagl-1,10
abbkmgdh-1,11
abbmdanb-1,12
abbmllbh-1,13
abbmojnf-1,14
abbnjgpd-1,15
abccbiaa-1,16
abccmcbm-1,17
abccoelf-1,18
abcddkhp-1,19
abcfelan-1,20
abcfenfo-1,21
abcffcgd-1,22
abcibjbi-1,23
abcieipc-1,24
abcinlih-1,25
abcjlicd-1,26
abckafkm-1,27
abckcnbm-1,28
abcloffe-1,29
abcnboim-1,30
abcnjken-1,31
abcnlboi-1,32
abcoejkn-1,33
abcpcepb-1,34
abcpgain-1,35
abcplone-1,36
abdakdhg-1,37
abdalhah-1,38
abdancia-1,39
abdbjlhh-1,40
abdblbml-1,41
abdcneig-1,42
abddobhk-1,43
abdeeldf-1,44
abdfgpdf-1,45
abdfmjnd-1,46
abdfpgce-1,47
abdgagfg-1,48
abdhgeje-1,49
abdilndk-1,50
abdimjog-1,51
abdjilcj-1,52
adnnohko-1,53
adnpiapn-1,54
adnpioko-1,55
aecdeiff-1,56
aecdgmii-1,57
aecdkndf-1,58
aecdlmli-1,59
aecdlopk-1,60
aecebaof-1,61
aecediji-1,62
aecegpej-1,63
aecfbejn-1,64
aecfbhhh-1,65
aecfmadb-1,66
aecgdceg-1,67
aecgeknl-1,68
aecgmkeh-1,69
aechkpmk-1,70
aecimkga-1,71
aecjmdhg-1,72
aeckpngb-1,73
aecmhbmn-1,74
aecnnfog-1,75
aecnpcgn-1,76
aecohech-1,77
aecpagcd-1,78
aecpdfhd-1,79
aecpfldj-1,80
aecpiecl-1,81
aedbccdn-1,82
aedcjppi-1,83
aedcnnji-1,84
aedcoijg-1,85
aedcpjeo-1,86
aedejljf-1,87
aedelcko-1,88
aedenfgi-1,89
aedfbaib-1,90
aedfcofh-1,91
aedflhgf-1,92
aedhfdgp-1,93
aedhlabm-1,94
aedibkhc-1,95
aediccfh-1,96
aedienjd-1,97
aediinal-1,98
aedioajp-1,99
aedjbjbj-1,100
aedjccoa-1,101
aedjlcfe-1,102
aedkjpao-1,103
aedkodjj-1,104
aedmbgbf-1,105
aednaede-1,106
aednblai-1,107
aedndgfa-1,108
aednipkj-1,109
aednophl-1,110
aedockbe-1,111
aedocpdm-1,112
aedoikmo-1,113
aedpnidi-1,114
aeeaiefl-1,115
aeebcfpa-1,116
aeebpldo-1,117
aeecgbdi-1,118
aeedbhjh-1,119
aeeedfcg-1,120
aeeedjae-1,121
aeeejokm-1,122
aeeejpik-1,123
aeeephhp-1,124
aeeflddc-1,125
aeegbidj-1,126
aeegchfm-1,127
aeegeojp-1,128
aeeggohg-1,129
aeegjbmf-1,130
aeegmhbm-1,131
aeegmlmb-1,132
aeehflka-1,133
aeehndjj-1,134
aeeiepha-1,135
aeeiocmk-1,136
aeeiofoj-1,137
aeeipnfp-1,138
aeejdjoj-1,139
aeejpidc-1,140
aeekdoei-1,141
aeekplhg-1,142
aeelapkg-1,143
aeelhjcm-1,144
aeeloano-1,145
aehcljjk-1,146
aehdgmjl-1,147
aehdpmaa-1,148
aehfjhed-1,149
aehfjjja-1,150
aehfocef-1,151
aehgkgig-1,152
aehgofjf-1,153
aehhjgio-1,154
aehiecgj-1,155
aehimlck-1,156
aehjahcj-1,157
aehjikaf-1,158
aehkdbpg-1,159
aehkgfgp-1,160
aehkgnff-1,161
aehkhaem-1,162
aehllbed-1,163
aehmecmk-1,164
aehmobgc-1,165
aehnfhdg-1,166
aehodjan-1,167
aehoehcb-1,168
aehogean-1,169
aehphnad-1,170
aehpodfe-1,171
aehppomd-1,172
aeiajddi-1,173
aeialifk-1,174
aeialkai-1,175
aeibanpp-1,176
aeibfbbl-1,177
aeibfbjg-1,178
aeibjghc-1,179
aeibmopb-1,180
aeicdcmg-1,181
aeiceoog-1,182
aeicnedj-1,183
aeicpodo-1,184
aeidljjf-1,185
aeieedfa-1,186
aejddjkk-1,187
apjjnbgb-1,188
apjkjbia-1,189
apjkkbki-1,190
apjkpmeh-1,191
apjlhpde-1,192
apjlkkna-1,193
apjmeopo-1,194
apjnlblp-1,195
apjnnjcm-1,196
apjojamn-1,197
apjpgdao-1,198
apjplpbl-1,199
apjpmace-1,200
apjpoonp-1,201
apkaaidc-1,202
apkbbhie-1,203
apkbfnni-1,204
apkbjggb-1,205
apkcgpon-1,206
apkchkjn-1,207
apkcmepn-1,208
apkcnbdn-1,209
apkdhgia-1,210
apkdmeai-1,211
apkdpdfn-1,212
apkdppce-1,213
apkeeich-1,214
apkfknic-1,215
apkgopci-1,216
apkhiebp-1,217
apkjcogj-1,218
apkjhpin-1,219
apkjogmk-1,220
apkkgbck-1,221
apkkjcel-1,222
apkklobd-1,223
apklabfh-1,224
apkleoea-1,225
apklfeii-1,226
apklfjjg-1,227
apkljock-1,228
apklocoj-1,229
apkmebcm-1,230
apkmhibp-1,231
apknfaah-1,232
apknfeck-1,233
apkpnnpe-1,234
aplbbolh-1,235
aplbcfkc-1,236
aplbehbj-1,237
aplbhcbo-1,238
aplcacpj-1,239
apldlpie-1,240
apldnplm-1,241
aplegief-1,242
aplfllja-1,243
aplgaafa-1,244
aplgpild-1,245
aplhmpeg-1,246
aplibnae-1,247
aplifnbk-1,248
aplihnol-1,249
aplioihn-1,250
apljiapf-1,251
apljlgkg-1,252
aplkejmm-1,253
aplkfgem-1,254
apllcipo-1,255
aplldabo-1,256
apllfknm-1,257
apllgccb-1,258
apllgncp-1,259
apllhobl-1,260
aplmajmm-1,261
aplmdfdd-1,262
aplmfplb-1,263
aplmhopf-1,264
aplmnbep-1,265
aplndngh-1,266
aplneiim-1,267
aploebel-1,268
aploofmh-1,269
aplplbhg-1,270
apmbapmk-1,271
apmbddak-1,272
apmbllnf-1,273
apmcfahh-1,274
apmcfnll-1,275
apmdblhh-1,276
apmdlmac-1,277
apmdojml-1,278
apmedjce-1,279
apmeebbc-1,280
apmekdai-1,281
apmekdmo-1,282
apmfcmgi-1,283
apmflbdn-1,284
apmgcode-1,285
apmgmben-1,286
apmgplbl-1,287
apmhiclf-1,288
apmiippl-1,289
apmjbdag-1,290
apmjcidn-1,291
apmjmmob-1,292
apmkimdj-1,293
apmkpjml-1,294
apmlmphp-1,295
apmmfalk-1,296
apmmfhba-1,297
apmmhhkc-1,298
apmminim-1,299
apmmpigo-1,300
apmnbdam-1,301
apmnfkeo-1,302
apmngkmp-1,303
apmnlbne-1,304
apmnlpdh-1,305
apmpfhfe-1,306
apmpggdj-1,307
apmplnol-1,308
apmpnfgd-1,309
apnabdmd-1,310
apnaiooj-1,311
apnamgje-1,312
apnaocil-1,313
apnbjbbe-1,314
apncidoa-1,315
apndpmjc-1,316
apnelijj-1,317
apnffjjp-1,318
apnfpkdp-1,319
apngeegi-1,320
apnggdkh-1,321
apnggjho-1,322
apngjgab-1,323
apngomph-1,324
apnhcbid-1,325
apnhfhkc-1,326
apnhfmnm-1,327
apnhjlan-1,328
apnijhce-1,329
apnincpi-1,330
apnjgapi-1,331
apnkeein-1,332
apnkgohb-1,333
apnkjcbm-1,334
apnklchm-1,335
apnldhgp-1,336
apnlgpnf-1,337
apnlhpld-1,338
apnmcmdj-1,339
apnmnkch-1,340
apnmobmo-1,341
apnmocli-1,342
apnnabkk-1,343
apnnbggh-1,344
apnncomd-1,345
apnnedom-1,346
apnniedn-1,347
apnnmpcd-1,348
apnoddcl-1,349
apnogckm-1,350
apnopmgm-1,351
apnpfapc-1,352
apnppici-1,353
apoabbol-1,354
apoabeac-1,355
apoaemba-1,356
apoajahb-1,357
apoanjbj-1,358
apoaopfm-1,359
apobpmhp-1,360
bagmnnpi-1,361
bagoeobl-1,362
bagofgbp-1,363
bagoonjc-1,364
bagpddhh-1,365
bahaiipj-1,366
bahaphjc-1,367
bahbnkhp-1,368
baiacidh-1,369
baiaheao-1,370
baiemaml-1,371
bainlagm-1,372
bajedlai-1,373
bidjphje-1,374
bidkamhd-1,375
bidkfgmn-1,376
bidkifnc-1,377
bidkodae-1,378
bidlbemf-1,379
bidlbngb-1,380
bidldlil-1,381
bidlhjfl-1,382
bidlloon-1,383
bidmobgd-1,384
bidnfpoo-1,385
bidnggjn-1,386
bidnhgjl-1,387
bidnlmfi-1,388
bidobnln-1,389
bidokneh-1,390
bidomiaf-1,391
bidonpdc-1,392
bidpaokp-1,393
bidppene-1,394
bieacegc-1,395
bieaihld-1,396
bijcnmkn-1,397
bijcodbo-1,398
bijdojak-1,399
bijegkfl-1,400
bijehnji-1,401
bijfcacn-1,402
bijfkedd-1,403
bijfkjah-1,404
bijgjpnp-1,405
bijhdgel-1,406
bijhkenm-1,407
bijhmboi-1,408
bijicdhd-1,409
bijicilc-1,410
bijiggag-1,411
bijiolhh-1,412
bijipadi-1,413
bijjlock-1,414
bijjnnlf-1,415
bijjolhf-1,416
bijkhbke-1,417
bijknabi-1,418
bijlkoff-1,419
bijlmcge-1,420
bijmbadl-1,421
bijmchnh-1,422
bijmhfbp-1,423
bijoaeph-1,424
bijodcaj-1,425
bijomege-1,426
bijonnop-1,427
bijopjmc-1,428
bijopoim-1,429
bijpfnin-1,430
bijphjbe-1,431
bijpjina-1,432
bikahipi-1,433
bikbcndo-1,434
bikcimmb-1,435
bikcnelj-1,436
bikdllhf-1,437
bikdndgl-1,438
bikeeeok-1,439
bikeoecd-1,440
bikfdiek-1,441
bikfhdmd-1,442
bikfklld-1,443
bikghbei-1,444
bikgkpgd-1,445
bikgldag-1,446
bikgnbae-1,447
bikgpcje-1,448
bikgpmol-1,449
bikgppam-1,450
bikibogb-1,451
bikicfdo-1,452
bikiicek-1,453
biolfijm-1,454
bipgncdj-1,455
biphbhkk-1,456
biphfgbh-1,457
biphphgp-1,458
bipigghk-1,459
bipilnfd-1,460
bipjcndm-1,461
bipjemjg-1,462
bipjfkmb-1,463
bipjlaeb-1,464
bipjoggj-1,465
bipkjbgo-1,466
bipkjppo-1,467
bipmnhaa-1,468
bipnjoed-1,469
bippcbkc-1,470
ddhlicgp-1,471
ddhliheb-1,472
ddhmaglc-1,473
ddhmbijn-1,474
ddhmdfkj-1,475
ddhndclb-1,476
ddhnkkbc-1,477
ddhobeld-1,478
ddhonmbf-1,479
ddiaelim-1,480
ddiappoo-1,481
ddibefce-1,482
ddiebnae-1,483
ddieekeh-1,484
ddieingj-1,485
ddiffaio-1,486
ddifjoda-1,487
ddigdcaf-1,488
ddiggmfk-1,489
ddiglllb-1,490
ddigmmeb-1,491
ddihfjbf-1,492
ddiicbpd-1,493
ddiikmja-1,494
ddijaaba-1,495
ddijidgp-1,496
ddijkcai-1,497
ddijongj-1,498
ddikbppl-1,499
ddikmfei-1,500
ddilldhe-1,501
ddimcnbg-1,502
ddimhpkl-1,503
ddimmljm-1,504
ddinignh-1,505
ddionhja-1,506
ddipckol-1,507
ddipdjll-1,508
ddjckiec-1,509
ddjcmimk-1,510
ddjedlil-1,511
ddjeecep-1,512
ddjeedaj-1,513
ddkijfbj-1,514
ddkimehj-1,515
ddkjmnhd-1,516
ddkkjhcd-1,517
ddklfklp-1,518
ddkllfpk-1,519
ddkmibmf-1,520
ddkminfe-1,521
ddkmmcdk-1,522
ddkmmppi-1,523
ddkpceja-1,524
ddlahloa-1,525
ddlbegee-1,526
ddlbgcoj-1,527
ddlbmjae-1,528
ddlbndej-1,529
ddlcdibg-1,530
ddldkfoe-1,531
ddldnblg-1,532
ddleacpd-1,533
ddlgkjdc-1,534
ddlilmhh-1,535
ddljehgf-1,536
ddlklpek-1,537
ddllkale-1,538
ddlmapih-1,539
ddlmjnbh-1,540
ddlncdco-1,541
ddlnlgod-1,542
ddlnoeco-1,543
ddlofifl-1,544
ddlomohb-1,545
ddlonlij-1,546
ddlpeain-1,547
ddlpiide-1,548
ddmammbb-1,549
ddmbmbna-1,550
ddmcfbpg-1,551
ddmclbao-1,552
ddmcnmga-1,553
ddmddhoh-1,554
ddmddpkl-1,555
ddmdfnnb-1,556
ddmdlkpm-1,557
ddmebcmp-1,558
ddmefael-1,559
ddmefdha-1,560
ddmenokn-1,561
ddmfemla-1,562
ddmfpiih-1,563
ddmgdbei-1,564
ddmgdcop-1,565
ddmhhjhl-1,566
ddmifojg-1,567
ddmimddm-1,568
ddmjhkmh-1,569
ddmkbpip-1,570
ddmleeeb-1,571
ddmlehan-1,572
ddmlejfh-1,573
ddmlfogo-1,574
ddmmeapa-1,575
ddmmmblb-1,576
ddmmphpk-1,577
ddmnjafg-1,578
ddmnkmnl-1,579
ddmodkno-1,580
ddmpcgpc-1,581
ddmpkdab-1,582
ddnbamoj-1,583
ddncgpbo-1,584
ddncmnbg-1,585
ddncpfnf-1,586
ddndoljo-1,587
ddnemamj-1,588
ddnfflom-1,589
ddnfghko-1,590
ddnhkmbp-1,591
ddnhnfkn-1,592
ddnifiop-1,593
ddnijilm-1,594
ddnimooa-1,595
ddnkjfcj-1,596
ddnlokcj-1,597
ddnmkpfb-1,598
ddnmnmhp-1,599
ddnncank-1,600
ddnociah-1,601
ddnogoii-1,602
ddnohjio-1,603
ddoagfnc-1,604
ddoahbbe-1,605
ddoanigl-1,606
ddobeode-1,607
ddobggjc-1,608
ddocelil-1,609
ddocffff-1,610
ddocmkml-1,611
ddocoeno-1,612
ddodceop-1,613
ddodiflg-1,614
ddodkcae-1,615
ddoeehli-1,616
ddoegfmd-1,617
ddoejafk-1,618
ddoekedl-1,619
ddofiado-1,620
ddogfjjj-1,621
ddogokci-1,622
ddohgoan-1,623
ddohoedo-1,624
ddohopcj-1,625
ddoiadao-1,626
ddoimjij-1,627
ddojbdka-1,628
ddojbeio-1,629
ddojdnlo-1,630
ddokbmle-1,631
ddolcmlc-1,632
ddolngha-1,633
ddolnmah-1,634
ddomhmep-1,635
ddommabm-1,636
ddonackk-1,637
ddonepfe-1,638
ddoolaom-1,639
ddpaagej-1,640
ddpaokgj-1,641
ddpbhicb-1,642
ddpbnegb-1,643
ddpchmgk-1,644
ddpdaaec-1,645
ddpdcdai-1,646
ddpegnii-1,647
ddpephjg-1,648
ddpfcenh-1,649
ddpfeibg-1,650
ddpfknaj-1,651
ddpfofmc-1,652
ddphbmol-1,653
ddphfbdj-1,654
ddphjona-1,655
ddphnpij-1,656
ddphoodh-1,657
ddphpeni-1,658
ddpikbom-1,659
ddpjonii-1,660
ddpkabnm-1,661
ddpkfejk-1,662
ddplcple-1,663
ddpligkm-1,664
ddpljlif-1,665
ddplkhag-1,666
ddpmjjfl-1,667
ddpmngba-1,668
ddpndigh-1,669
ddpnielb-1,670
ddpnjoga-1,671
ddpnopnn-1,672
ddppcfdl-1,673
ddppcidj-1,674
ddppijgf-1,675
deabifcj-1,676
deacgfdd-1,677
deachfib-1,678
deachkbc-1,679
deadanmi-1,680
deadbigc-1,681
deadlpcl-1,682
deaffnfk-1,683
defdjjal-1,684
defeabhe-1,685
defebgoh-1,686
degccgdo-1,687
degcfnjp-1,688
degchagl-1,689
degcjhjg-1,690
degdfgdh-1,691
degdkehk-1,692
deigfaco-1,693
deigofjp-1,694
deihdioh-1,695
deihehaj-1,696
deihiapj-1,697
deihiihk-1,698
deihomlg-1,699
deiicfgl-1,700
deiidggc-1,701
deiidmnc-1,702
deiimeki-1,703
deijdlkj-1,704
deijipan-1,705
deikdkhh-1,706
deiplhmc-1,707
dejcjmpk-1,708
dejcnbbb-1,709
dejcoije-1,710
dejcpakm-1,711
dejdoonf-1,712
dejedoda-1,713
dejejejf-1,714
dejeklhj-1,715
dejfjmbf-1,716
dejgbdmd-1,717
dejgbilh-1,718
dejgcfff-1,719
dejgdhdg-1,720
dejggefm-1,721
dejggmpn-1,722
dejjgmef-1,723
dejjleeo-1,724
dejkfmmk-1,725
dejlhdon-1,726
dejlkoji-1,727
dejmcmnc-1,728
dejmlgbp-1,729
dejobdba-1,730
dejoigjd-1,731
dejopkbg-1,732
dejpkcdh-1,733
dekabhla-1,734
dekacipb-1,735
dekagifn-1,736
dekahonm-1,737
dekamdjp-1,738
dekapfdb-1,739
dekbeolg-1,740
dekbmnfa-1,741
dekcdmcl-1,742
dekceagf-1,743
dekcjckl-1,744
dekcnbif-1,745
dekdafbn-1,746
dekdicfn-1,747
dekdkkdp-1,748
dekdlfao-1,749
dekdllea-1,750
dekeadgk-1,751
dekejlbp-1,752
dekenpef-1,753
dekffpfd-1,754
dekgflaf-1,755
dekglhii-1,756
dekgnmcm-1,757
dekhamog-1,758
dekhjjnb-1,759
dekimpcf-1,760
dekjjjkl-1,761
deklcnnh-1,762
dekldeek-1,763
dekldhpn-1,764
dekmjjfl-1,765
dekmmlib-1,766
deknenim-1,767
deknijcp-1,768
deknmhbe-1,769
deknoegk-1,770
deknpmil-1,771
dekoanbd-1,772
dekojhnl-1,773
dekoklnf-1,774
dekpacii-1,775
dekpcaph-1,776
dekpjaac-1,777
delaopfm-1,778
delblfda-1,779
delcpkcb-1,780
deldcolo-1,781
deldehdb-1,782
deldkjnj-1,783
deldlpcd-1,784
deleheba-1,785
delekfpf-1,786
delfdbna-1,787
delfflpn-1,788
delfkigh-1,789
delgohnk-1,790
deljjkog-1,791
dellfhfc-1,792
delljkic-1,793
delmdfmd-1,794
delnhpbj-1,795
delnkigd-1,796
delpajbm-1,797
delpcjak-1,798
delpmngf-1,799
delpplbl-1,800
demabcad-1,801
demaohnd-1,802
dembgcej-1,803
dembifpp-1,804
demclefe-1,805
demcmgko-1,806
demdbdjm-1,807
demdeake-1,808
demdfbie-1,809
dfaabald-1,810
dfabdokh-1,811
dfacnlhk-1,812
dfadfeik-1,813
dfadgnjf-1,814
dfadmnam-1,815
dfadnfac-1,816
dfaeaeol-1,817
dfaeahnj-1,818
dfafiphf-1,819
dfagakod-1,820
dfagefbi-1,821
dfagglop-1,822
dfahpmcj-1,823
dfaiblhe-1,824
dfaiflic-1,825
dfaiohao-1,826
dfakgecm-1,827
dfakgkhb-1,828
dfakhiog-1,829
dfaklmie-1,830
dfallega-1,831
dfebdakg-1,832
dfebfkne-1,833
dfebkgaf-1,834
dfecdppc-1,835
dfecfelk-1,836
dfeedckc-1,837
dfeephjn-1,838
dfehljeo-1,839
dfeihpjg-1,840
dfeijook-1,841
dfeioabj-1,842
dfejbfke-1,843
dfejfnfm-1,844
dfekdmmj-1,845
dfekkkno-1,846
dfelmdla-1,847
dfenalmp-1,848
dfenicfl-1,849
dffaeifn-1,850
dffajdgb-1,851
dffbfceh-1,852
dffbkmki-1,853
dffbngij-1,854
dffbnkff-1,855
dffcfoaf-1,856
dffcomab-1,857
dffemhkk-1,858
dffglknl-1,859
jmjafghj-1,860
jmjahlhn-1,861
jmjampji-1,862
jmjbbcdg-1,863
jmjbdfcc-1,864
jmjbgmhf-1,865
jmjbimfj-1,866
jmjcaepc-1,867
jmjceflk-1,868
jmjckhjd-1,869
jmjdghej-1,870
jmjooppo-1,871
jmkaeadh-1,872
jmkafplc-1,873
jmkaphdl-1,874
jmkcknle-1,875
jmkdjjlh-1,876
jmkdlhag-1,877
jmkdmpga-1,878
jmkdnbho-1,879
jmkdpgnb-1,880
jmkekfla-1,881
jmkemohb-1,882
jmkenchh-1,883
jmkeohhl-1,884
jmkfmfcm-1,885
jmkgddbe-1,886
jmkgfjek-1,887
jmkggmpi-1,888
jmkgifch-1,889
jmkhcnho-1,890
jmkhfpll-1,891
jmkhhfaa-1,892
jmkhofmf-1,893
jmkhppnk-1,894
jmkifege-1,895
jmkifnhb-1,896
jmkjbief-1,897
jmkjcgop-1,898
jmkjdald-1,899
jmkjdeje-1,900
jmkjlaah-1,901
jmkjnomg-1,902
jmkkjboe-1,903
jmkkpfcl-1,904
jmklclkl-1,905
jmkldmbk-1,906
jmkljimm-1,907
jmkncakg-1,908
jmkndjok-1,909
jmkobbig-1,910
jmkobdaf-1,911
jmkoiibb-1,912
jmokemgo-1,913
jmokpcbi-1,914
jmokphid-1,915
jmolgmml-1,916
jmoljjkm-1,917
jmololdb-1,918
jmolpjea-1,919
jmombmfp-1,920
jmomhoel-1,921
jmonapaf-1,922
jmonemdf-1,923
jmonmbjk-1,924
jmoocbjh-1,925
jmoojaeh-1,926
jmoomikc-1,927
jmophiop-1,928
jmopolgj-1,929
jmoppfdc-1,930
jmopplab-1,931
jmpaaoaa-1,932
jmpbgmcn-1,933
jmpbpbie-1,934
jmpdapee-1,935
jmpeaimk-1,936
jmpehpal-1,937
jmpenlbd-1,938
jmpffmcl-1,939
jmpfjbeg-1,940
jmpgdbop-1,941
jmpggbkj-1,942
jmpgkjnp-1,943
jmphicmk-1,944
jmphonlg-1,945
jmpiddol-1,946
jmpjhgjj-1,947
jmpkjpfc-1,948
jmplback-1,949
jmplgkdf-1,950
jmpmiope-1,951
jmpncnfh-1,952
jmpnfepf-1,953
jmpnldhm-1,954
jmpnmcaf-1,955
jmpnnjjc-1,956
jmpohobf-1,957
jmppckjb-1,958
jmppehbn-1,959
jmppnkip-1,960
jnaacjmh-1,961
jnaacnae-1,962
jnaaeepk-1,963
jnaaleec-1,964
jnabgmeg-1,965
jnabihbe-1,966
jnabkcgi-1,967
jnacehlj-1,968
jnacnpaf-1,969
jnadklio-1,970
jnaekoib-1,971
jnafajmh-1,972
jnagahed-1,973
jnagbadi-1,974
jnagpgnf-1,975
jnahbpog-1,976
jnahffjk-1,977
jnaiomlh-1,978
jnajfhpk-1,979
jnajnifj-1,980
jnakacpe-1,981
jnakpbfh-1,982
jnaleffk-1,983
jnaobbim-1,984
jnaocjkb-1,985
jnaodbok-1,986
jnaohpoh-1,987
jnaoolok-1,988
jnapaaee-1,989
jnaphkgg-1,990
jnbaoffn-1,991
jnbbfhja-1,992
jnbbjgnm-1,993
jnbcnbhc-1,994
jnbcpiao-1,995
jnbdgjlg-1,996
jnbdoamd-1,997
jnbeileg-1,998
jnbekpnk-1,999
jnbfhkkf-1,1000
jnbgccdo-1,1001
jnbgjdig-1,1002
jnbhaojp-1,1003
jnbhckgh-1,1004
jnbhiopi-1,1005
jnbhkcdf-1,1006
jnbhknbm-1,1007
jnbibgpn-1,1008
jnbinnmd-1,1009
jnbjlmcf-1,1010
jnbjpeba-1,1011
jnbkbkhp-1,1012
jnbkhmjm-1,1013
jnbkldle-1,1014
jnbknfgd-1,1015
jnblombi-1,1016
jnblpcmn-1,1017
jnbmjpkl-1,1018
jnbmlgfc-1,1019
jnboalmj-1,1020
jnbofceh-1,1021
jnbpfjda-1,1022
jnbpkggf-1,1023
jnbpndfk-1,1024
jnbppehh-1,1025
jncaapfh-1,1026
jnccgaon-1,1027
jncclaph-1,1028
jncdokml-1,1029
jnceibhl-1,1030
jncekaac-1,1031
jncemidm-1,1032
jnceombc-1,1033
jncfikga-1,1034
jncfobke-1,1035
jncfpdjp-1,1036
jncggbga-1,1037
jnchdpck-1,1038
jnchgmhc-1,1039
jnchkeic-1,1040
jnchmoie-1,1041
jnchncja-1,1042
jncimoek-1,1043
jncmfffo-1,1044
jncmihng-1,1045
jncmijfa-1,1046
jncmliip-1,1047
jncmmepk-1,1048
jncmncei-1,1049
jncnmoip-1,1050
jncoboci-1,1051
jncogcmk-1,1052
jncogmck-1,1053
jncohcik-1,1054
jncojlgj-1,1055
jncpfpfb-1,1056
jncpgpco-1,1057
jncphepp-1,1058
jncpjknk-1,1059
jncpmngb-1,1060
jndanjdo-1,1061
jndbafke-1,1062
jndbgiol-1,1063
jndbhobk-1,1064
jndbjfbj-1,1065
jndbkdmc-1,1066
jndcnnbd-1,1067
jndeflmk-1,1068
jndefpln-1,1069
jndekdnm-1,1070
jndelccg-1,1071
jndfdpbi-1,1072
jndfgncm-1,1073
jndfgpgb-1,1074
jndflama-1,1075
jndgflhf-1,1076
jneaianp-1,1077
jneajjfl-1,1078
jnebdmci-1,1079
jnebegdk-1,1080
jnecpncb-1,1081
jnedcidp-1,1082
jnfkafed-1,1083
jnflemhf-1,1084
jngkkmnp-1,1085
jnglbjfa-1,1086
jnglcigk-1,1087
jngldamc-1,1088
jnglihkn-1,1089
jngmeekl-1,1090
jngmfpkl-1,1091
jngmnhho-1,1092
jngnapko-1,1093
jngndmha-1,1094
jngogcgd-1,1095
jngohoai-1,1096
jngojbol-1,1097
jngombgh-1,1098
jngpkbek-1,1099
jngppimk-1,1100
jnhadool-1,1101
jnhanalb-1,1102
jnhbfmcf-1,1103
jnhbihci-1,1104
jnhbkain-1,1105
jnhbopoo-1,1106
jnhchpoj-1,1107
jnhcjcdb-1,1108
jnhcnapd-1,1109
jnhefabd-1,1110
jnhenbcp-1,1111
jnhfdkgi-1,1112
jniankfa-1,1113
jnibkkim-1,1114
jniccagl-1,1115
jnicdhcf-1,1116
jnicdjim-1,1117
jnicijgo-1,1118
jnicmfge-1,1119
jnidebim-1,1120
jnidgkpl-1,1121
jnidkfgc-1,1122
jnidoikb-1,1123
jniedmfi-1,1124
jniennji-1,1125
jnihejof-1,1126
jnihfpab-1,1127
jniihnef-1,1128
jniijajl-1,1129
jniipffi-1,1130
jnikabjd-1,1131
jnikkgkf-1,1132
jnikpmdh-1,1133
jnilcaok-1,1134
jnilcjkb-1,1135
jnillenm-1,1136
jnimcood-1,1137
jnimlaib-1,1138
jnimlkim-1,1139
jnimnjph-1,1140
jningaio-1,1141
jninknga-1,1142
johdfdcj-1,1143
johdlgjm-1,1144
johdnonk-1,1145
johdpbgc-1,1146
johfclpo-1,1147
johfhbmg-1,1148
johfmfdh-1,1149
johfmmed-1,1150
johgbclc-1,1151
johggmil-1,1152
johgobbc-1,1153
johhgnhm-1,1154
johhlppb-1,1155
johhmapi-1,1156
johidabi-1,1157
johigpfb-1,1158
johigpjk-1,1159
johjbhmk-1,1160
johjkafm-1,1161
johjmbnh-1,1162
johkkfnp-1,1163
johkljfk-1,1164
johlacen-1,1165
johlehkh-1,1166
johlhbjm-1,1167
johmbfpe-1,1168
johmfkmd-1,1169
johmfofc-1,1170
johmkacg-1,1171
johmohge-1,1172
johncaik-1,1173
johncloe-1,1174
johnkcpj-1,1175
johnnjbj-1,1176
johnoafb-1,1177
johobcld-1,1178
johogjje-1,1179
johoimeh-1,1180
johooeca-1,1181
johpchdf-1,1182
johpgkeb-1,1183
johpknna-1,1184
joiaofib-1,1185
joibajbc-1,1186
joibajnm-1,1187
joibhbga-1,1188
joicdalo-1,1189
joidcimg-1,1190
joidcmam-1,1191
joidhabd-1,1192
joidokio-1,1193
joidpdhp-1,1194
joiefgfp-1,1195
joifadmo-1,1196
joifahjm-1,1197
joifdeeb-1,1198
joigcpmd-1,1199
jojgihlk-1,1200
jojgmaoh-1,1201
jojgnaod-1,1202
jojhiahi-1,1203
jojhjkhj-1,1204
jojhpied-1,1205
jojimljd-1,1206
jojipbeg-1,1207
jojjkmgf-1,1208
jojjolka-1,1209
jojkcnhg-1,1210
jojkeimg-1,1211
jojkgcna-1,1212
jojlbaca-1,1213
jojlggkd-1,1214
jojllddm-1,1215
jojlolig-1,1216
jojmaenn-1,1217
jojmfhmo-1,1218
jojmpcml-1,1219
jojnboec-1,1220
jojnheco-1,1221
jojnjmbc-1,1222
jojoehpf-1,1223
jojokfmj-1,1224
jojonmlb-1,1225
jojpbejb-1,1226
jokagonm-1,1227
jokbdldm-1,1228
jokbmhjp-1,1229
jokchhcm-1,1230
jokdhjga-1,1231
jokdmdcj-1,1232
jokdmibf-1,1233
jokecjhm-1,1234
jokepkgl-1,1235
jokfiapn-1,1236
jokgcmme-1,1237
jokgdmnb-1,1238
jokhfmkc-1,1239
jokiebkf-1,1240
jokifefn-1,1241
jokipain-1,1242
jokipfbk-1,1243
jokjidjb-1,1244
jokjpapm-1,1245
jokjpjoo-1,1246
jokkfijd-1,1247
jokkfjjn-1,1248
joklbppn-1,1249
jokllaai-1,1250
joklohif-1,1251
jokmcgim-1,1252
jokndkmo-1,1253
joknmodk-1,1254
jokpmcof-1,1255
jolageah-1,1256
jolbfpic-1,1257
jolbinmn-1,1258
jolebfeh-1,1259
jolegoej-1,1260
jolfpicd-1,1261
jolgknch-1,1262
jolhfigm-1,1263
jolhgmbm-1,1264
jpbineap-1,1265
jpbjfogp-1,1266
jpbkilge-1,1267
jpbknocl-1,1268
jpbkpnpd-1,1269
jpblcdek-1,1270
jpbldckg-1,1271
jpblhhjb-1,1272
jpblhlke-1,1273
jpblkimo-1,1274
jpbllgfg-1,1275
jpblpkeo-1,1276
jpbmdipf-1,1277
jpbnaacb-1,1278
jpbnafef-1,1279
jpbobikl-1,1280
jpbohecc-1,1281
jpbopdok-1,1282
jpbpcbdp-1,1283
jpbpfbnf-1,1284
jpbphnen-1,1285
jpbpkfmn-1,1286
jpcamekn-1,1287
jpcamfcp-1,1288
jpcapdkk-1,1289
jpcbbdpj-1,1290
jpcbcdkp-1,1291
jpcbcibm-1,1292
jpccgmee-1,1293
jpccgphn-1,1294
jpcdedlg-1,1295
jpcdpjfk-1,1296
jpcecljn-1,1297
jpcejgei-1,1298
jpcejlof-1,1299
jpcfhhhp-1,1300
jpcfjjdc-1,1301
jpcfnbkl-1,1302
jpcfppok-1,1303
jpcgjpge-1,1304
jpcgmhjk-1,1305
jpcgoood-1,1306
jpchgngg-1,1307
jpchldlh-1,1308
jpchogml-1,1309
jpcjalhc-1,1310
jpcjdgme-1,1311
jpcjdpon-1,1312
jpcjegmg-1,1313
jpcjnfek-1,1314
jpckdbhl-1,1315
jpcknfol-1,1316
jpclchfh-1,1317
jpcmdjab-1,1318
jpcmdlbl-1,1319
jpcmfoda-1,1320
jpcmkkjo-1,1321
jpcmnohi-1,1322
jpcnkdji-1,1323
jpcofcbi-1,1324
jpcohhgg-1,1325
jpcpaclj-1,1326
jpcplgel-1,1327
jpcppjne-1,1328
jpdakmfp-1,1329
jpdbceob-1,1330
jpdbfhaa-1,1331
jpdbfndb-1,1332
jpdbiimi-1,1333
jpdbmjmn-1,1334
jpdbonkh-1,1335
jpdcmkgc-1,1336
jpddejgb-1,1337
jpddkafp-1,1338
jpddnfgb-1,1339
jpdfdcea-1,1340
jpdfflcp-1,1341
jpdfgngc-1,1342
jpdflkjj-1,1343
jpdfnepl-1,1344
jpdfodhn-1,1345
jpdhffem-1,1346
jpdhinhh-1,1347
jpdhljff-1,1348
jpdidclm-1,1349
jpdjbmlh-1,1350
jpdjbngp-1,1351
jpdjgfjj-1,1352
jpdjlaaf-1,1353
jpdjpcdc-1,1354
jpdlahjk-1,1355
jpdlmlph-1,1356
jpdmgibi-1,1357
jpdnjhjb-1,1358
jpdoahjk-1,1359
jpdpjmmi-1,1360
jpdpomnl-1,1361
jpeaaafc-1,1362
jpebepop-1,1363
jpebfnbe-1,1364
jpebinhk-1,1365
jpebpdof-1,1366
jpecanej-1,1367
jpeccanm-1,1368
jpeebhcn-1,1369
jpefdgep-1,1370
jpeflnie-1,1371
jpegamjh-1,1372
jpegfkdo-1,1373
jpeipgnj-1,1374
jpejbpcf-1,1375
jpejpicj-1,1376
jpekdona-1,1377
jpeljogk-1,1378
jpelodeb-1,1379
jpeneioi-1,1380
jpeokcgh-1,1381
jpeomcgm-1,1382
jpeoncdk-1,1383
jpepdiab-1,1384
jpfbdlhe-1,1385
jpfbedml-1,1386
jpfbjdgn-1,1387
jpfcehmn-1,1388
jpfcjnmo-1,1389
jpffipde-1,1390
jpfgbgil-1,1391
jpfgdnhj-1,1392
jpflbdfg-1,1393
jpflbimj-1,1394
jpflglcg-1,1395
jpfmfjck-1,1396
jpfmhggb-1,1397
jpfmkhhd-1,1398
kabpkgmk-1,1399
kabplloa-1,1400
kacagbac-1,1401
kacaidbf-1,1402
kacapaja-1,1403
kacbfacp-1,1404
kacbjame-1,1405
kacckaeg-1,1406
kacclabf-1,1407
kacdcgid-1,1408
kacebnkm-1,1409
kacefekj-1,1410
kacefnlk-1,1411
kacekhjd-1,1412
kacfgfja-1,1413
kacfkhdh-1,1414
kacgkhgf-1,1415
kacglple-1,1416
kachafgk-1,1417
kacjahbo-1,1418
kacjofoc-1,1419
kackfjhn-1,1420
kackfkbk-1,1421
kackhnlp-1,1422
kaclgflm-1,1423
kaclpaif-1,1424
kacmiidf-1,1425
kacmldlc-1,1426
kacndegf-1,1427
kacnehfb-1,1428
kacnhoeg-1,1429
kacnmbni-1,1430
kacnmohp-1,1431
kacocmod-1,1432
kacodklh-1,1433
kacoljbi-1,1434
kacomiam-1,1435
kacopnoh-1,1436
kacpflfa-1,1437
kadakimf-1,1438
kadcnaie-1,1439
kadcneom-1,1440
kaddebfc-1,1441
kaddgopj-1,1442
kaddolib-1,1443
kadebgnb-1,1444
kadegkma-1,1445
kadeibpc-1,1446
kadeknde-1,1447
kadfipeb-1,1448
kadfjkbc-1,1449
kadfkgia-1,1450
kadgcenp-1,1451
kadgdmfj-1,1452
kadgmiae-1,1453
kadhmnpn-1,1454
kadihcpf-1,1455
kadiigfn-1,1456
kadjbaee-1,1457
kadkonfk-1,1458
kadkpije-1,1459
kadldchc-1,1460
kadllbga-1,1461
kadllead-1,1462
kadlmfhj-1,1463
kadlmpba-1,1464
kadmeifb-1,1465
kadmlocd-1,1466
kadncbgk-1,1467
kadnjndh-1,1468
kadnleda-1,1469
kadnmpco-1,1470
kadnnlam-1,1471
kadpfmop-1,1472
kadpjlfi-1,1473
kadplgep-1,1474
kaeahppa-1,1475
kaebahep-1,1476
kaebcagg-1,1477
kaebegaa-1,1478
kaebjgle-1,1479
kaeblepp-1,1480
kaebodlm-1,1481
kaecacjb-1,1482
kaecdkpe-1,1483
kaecjjeb-1,1484
kaedaeoo-1,1485
kaedbmnj-1,1486
kaedocdp-1,1487
kaeejmjf-1,1488
kaefoegn-1,1489
kaeggama-1,1490
kaehmibh-1,1491
kaehohnc-1,1492
kaeiaibf-1,1493
kaeigked-1,1494
kaeijpep-1,1495
kaejbmpe-1,1496
kaejdahn-1,1497
kaejigca-1,1498
kaejiiep-1,1499
kaejldeh-1,1500
kaejlmkb-1,1501
kaejmaao-1,1502
kaejoalj-1,1503
kaekkogk-1,1504
kaeknheb-1,1505
kaekoeng-1,1506
kaelfjmm-1,1507
kaeliiej-1,1508
kaemfbmk-1,1509
kaemigpj-1,1510
kaemojhf-1,1511
kaemopei-1,1512
kaendfng-1,1513
kaenmohe-1,1514
kaenndgd-1,1515
kaenoeck-1,1516
kaenpcie-1,1517
kaeojoee-1,1518
kafbohnd-1,1519
kafccebb-1,1520
kafcgcen-1,1521
kafcknog-1,1522
kafcnedd-1,1523
kafcoaim-1,1524
kafdbiao-1,1525
kafdjjmi-1,1526
kafdmfed-1,1527
kafdnfck-1,1528
kafdpbii-1,1529
kafecahn-1,1530
kaffeedg-1,1531
kaffjfhp-1,1532
kafgifcj-1,1533
kafhfbdf-1,1534
kafibenp-1,1535
kafihbde-1,1536
kafingfp-1,1537
kafjjcem-1,1538
kafjnndl-1,1539
kafkdbjl-1,1540
kafkfmkl-1,1541
kafkmmad-1,1542
kafknfdj-1,1543
kaflgchf-1,1544
kaflhlia-1,1545
kafmklme-1,1546
kafniaig-1,1547
kafoehjk-1,1548
kafpobfj-1,1549
kagajgcp-1,1550
kagbkjjo-1,1551
kagdbkhe-1,1552
kagekegk-1,1553
kahkkjfh-1,1554
kahmalkl-1,1555
kahmkpkm-1,1556
kahnhgdp-1,1557
kahnndbi-1,1558
kahpclpn-1,1559
kaiaicid-1,1560
kaicdfaa-1,1561
kaicgbgp-1,1562
kaidkndi-1,1563
kaidnpig-1,1564
kaiebmea-1,1565
kaiejfpl-1,1566
kaiejlnc-1,1567
kaifbmfk-1,1568
kaiffdhc-1,1569
kaifkcba-1,1570
kaigaeej-1,1571
kaigeona-1,1572
kaijecdo-1,1573
kaijkkfi-1,1574
kaikbajg-1,1575
kaikcgak-1,1576
kaiklnob-1,1577
kailnalj-1,1578
kaimkhkh-1,1579
kaimnndm-1,1580
kainipja-1,1581
kaiomccb-1,1582
kaipebia-1,1583
kajaalbf-1,1584
kajaappd-1,1585
kajagddf-1,1586
kajbhcgl-1,1587
kajcejhp-1,1588
kajcgolm-1,1589
kajcjkki-1,1590
kajckfjf-1,1591
kajcmpfh-1,1592
kajcoiip-1,1593
kajdfegp-1,1594
kajdgemb-1,1595
kajdmjal-1,1596
kajdmlma-1,1597
kajdpgni-1,1598
kajecfoi-1,1599
kajeddmg-1,1600
kajegpgg-1,1601
kajhdkkg-1,1602
kajhkipl-1,1603
kajifgei-1,1604
kajihdhe-1,1605
kajikfef-1,1606
kajilpic-1,1607
kajinhnc-1,1608
kajjaibi-1,1609
kajjmbnb-1,1610
kajkanfp-1,1611
kajmcjko-1,1612
kajmghfj-1,1613
kajmmoep-1,1614
kajmnohl-1,1615
kajngadb-1,1616
kajngohi-1,1617
kajnkjkj-1,1618
kajockil-1,1619
kajoechp-1,1620
kajojcdc-1,1621
kaloofkn-1,1622
kalopjlm-1,1623
kalpafdj-1,1624
kamanapo-1,1625
kamcgclh-1,1626
kamckbad-1,1627
kamfjbmc-1,1628
kaoeoiea-1,1629
kaofbikp-1,1630
kaofmpec-1,1631
kaofnhep-1,1632
kaogbamo-1,1633
kaogbdkp-1,1634
kaogikib-1,1635
kaogpoan-1,1636
kaohnlfo-1,1637
kaojmkdc-1,1638
kaojokgp-1,1639
kaokbdla-1,1640
kaoknndi-1,1641
kaoncafb-1,1642
kaonhnkk-1,1643
kcfmifpl-1,1644
kcfmphfn-1,1645
kcfnflil-1,1646
kcfnnfkb-1,1647
kcfnplng-1,1648
kcfodake-1,1649
kcfolmij-1,1650
kcganonn-1,1651
kcgaomif-1,1652
kcgbikie-1,1653
kcgbphii-1,1654
kcgcocap-1,1655
kcgdfndm-1,1656
kcgegnni-1,1657
kcgeipoh-1,1658
kcgelemo-1,1659
kcgfffai-1,1660
kcgfpiem-1,1661
kcggfbnl-1,1662
kcgglfeh-1,1663
kcgihhid-1,1664
kcgjjjbi-1,1665
kcgjkkho-1,1666
kcgjmgme-1,1667
kcgjpanh-1,1668
kcgkgldm-1,1669
kcglcceb-1,1670
kcglclnj-1,1671
kcgmjdgg-1,1672
kcgnnaaa-1,1673
kcgnoajg-1,1674
kcgobmoo-1,1675
kcgocjea-1,1676
kcgohgbc-1,1677
kcgohkmk-1,1678
kcgpgfip-1,1679
kchabnmb-1,1680
kchanmjn-1,1681
kchbipao-1,1682
kchcimhb-1,1683
kchdihjk-1,1684
kchdkmhd-1,1685
kchekdge-1,1686
kchfdikp-1,1687
kchfdpkn-1,1688
kchffgjk-1,1689
kchfgbgb-1,1690
kchfhopp-1,1691
kchfpmdo-1,1692
kchggidm-1,1693
kchhfgfn-1,1694
kchhhlhl-1,1695
kchhipii-1,1696
kchhjhif-1,1697
kchhllal-1,1698
kchinaop-1,1699
kchjijgi-1,1700
kchjkplk-1,1701
kchkimna-1,1702
kchkjafb-1,1703
kchklgog-1,1704
kchlchmo-1,1705
kchlflpf-1,1706
kchmfgie-1,1707
kchmnbel-1,1708
kchmnjfl-1,1709
kchnfgmd-1,1710
kchnndnb-1,1711
kchobpma-1,1712
kchpakcd-1,1713
kchpdgcm-1,1714
kchpfdha-1,1715
kchpnmoi-1,1716
kchpphok-1,1717
kciadimn-1,1718
kciaoigg-1,1719
kcibbeph-1,1720
kcibkded-1,1721
kciboepo-1,1722
kcjmlfih-1,1723
kcjmncki-1,1724
kcjngkph-1,1725
kcjolkao-1,1726
kcjondek-1,1727
kcjpblam-1,1728
kcjpcikg-1,1729
kcjpncbm-1,1730
kcjppfff-1,1731
kckadhla-1,1732
kckaldnh-1,1733
kckbfiff-1,1734
kckbjemg-1,1735
kckcefgk-1,1736
kckdcpmd-1,1737
kckeffgn-1,1738
kckemiol-1,1739
kckfhfbl-1,1740
kckgcdph-1,1741
kckglbpp-1,1742
kckhbihl-1,1743
kckhhbfi-1,1744
kckhkehp-1,1745
kckifccc-1,1746
kckimjbk-1,1747
kckiokni-1,1748
kckippfj-1,1749
kckjjhfp-1,1750
kckjmicc-1,1751
kckjnbof-1,1752
kckjnggf-1,1753
kckkecml-1,1754
kckkgdfi-1,1755
kcklbdih-1,1756
kckldood-1,1757
kckmbohe-1,1758
kckmdjcm-1,1759
kckmlfja-1,1760
kckmnngl-1,1761
kcknbbbk-1,1762
kckncjpm-1,1763
kcknghgn-1,1764
kcknlomo-1,1765
kckogehn-1,1766
kckolhhg-1,1767
kckoolgf-1,1768
kckpddjp-1,1769
kckpngin-1,1770
kcladkeb-1,1771
kclakkhh-1,1772
kclankad-1,1773
kclbbkaf-1,1774
kclbmppc-1,1775
kclcemig-1,1776
kclcjdcn-1,1777
kclcoejo-1,1778
kclddokp-1,1779
kcldemjc-1,1780
kcldmihk-1,1781
kclebejd-1,1782
kclekfai-1,1783
kcleofmc-1,1784
kcleooik-1,1785
kclfobll-1,1786
kclgelnn-1,1787
kclgnkec-1,1788
kmmiaifd-1,1789
kmmjclae-1,1790
kmmkfaki-1,1791
kmmlbhlp-1,1792
kmmmbjjp-1,1793
kmmmobmm-1,1794
kmmnebnj-1,1795
kmmpifhk-1,1796
kmnabnjc-1,1797
kmnbbhcd-1,1798
kmndbhpm-1,1799
kmneajbo-1,1800
kmnfolge-1,1801
kmnigplp-1,1802
kmnmdpgd-1,1803
kmnnlbpe-1,1804
kmnnndlj-1,1805
kmnoejhb-1,1806
kmnoogbl-1,1807
kmnpkgnh-1,1808
kmpeldil-1,1809
kmpgjkbl-1,1810
kmplhkdh-1,1811
knachcai-1,1812
knaiblee-1,1813
kndlkkmk-1,1814
kndlmboj-1,1815
kndlncmp-1,1816
kndmfnoi-1,1817
kndmjijj-1,1818
kndmpdjg-1,1819
kndnhcoj-1,1820
kndnjifi-1,1821
kndnpnme-1,1822
kndodolg-1,1823
kndogogm-1,1824
kndolgmd-1,1825
kndpafhj-1,1826
kndplclk-1,1827
kndplhlh-1,1828
kndplmgl-1,1829
kndpppaj-1,1830
kneadmcp-1,1831
kneajnog-1,1832
knebjohg-1,1833
knechhpi-1,1834
knecljnp-1,1835
knedhlnj-1,1836
kneejokm-1,1837
knefgmnk-1,1838
knefllll-1,1839
knegejdk-1,1840
knegfkpp-1,1841
kneggfoj-1,1842
kneghlpl-1,1843
knehbjmk-1,1844
knehhfda-1,1845
knehknkb-1,1846
knejccpd-1,1847
knfalnmc-1,1848
knfdcpli-1,1849
knfdfakg-1,1850
knfdmfla-1,1851
knfglaba-1,1852
knfknikd-1,1853
knhjmdbc-1,1854
knhklapa-1,1855
knhmkcjo-1,1856
knholncc-1,1857
knhpkepo-1,1858
kniamcil-1,1859
knibbjea-1,1860
knicjedj-1,1861
knidmohi-1,1862
knidpagk-1,1863
kniekcdn-1,1864
knienijk-1,1865
knifadif-1,1866
knifieob-1,1867
knihpkgj-1,1868
knjnokfi-1,1869
knjnombf-1,1870
knjocpep-1,1871
knjoikeo-1,1872
knjooacf-1,1873
knjpkbem-1,1874
knjppdbm-1,1875
knkamodk-1,1876
knkaojdj-1,1877
knkbjfei-1,1878
knkbklpk-1,1879
knkceoed-1,1880
knkcliel-1,1881
knkcmbaj-1,1882
knkdpgmg-1,1883
knkebmhh-1,1884
knkeglck-1,1885
knkeiiea-1,1886
knkejifb-1,1887
knkelnok-1,1888
knkenkjb-1,1889
knkfoach-1,1890
knkfoopa-1,1891
knkfphid-1,1892
knkhcpdp-1,1893
knkhhoij-1,1894
knkhjdhc-1,1895
knkhkfga-1,1896
knkiamol-1,1897
knkjbjhd-1,1898
knkjghln-1,1899
knkjjbok-1,1900
knkjlnlh-1,1901
knkkjcho-1,1902
knkkjmmp-1,1903
knkmgben-1,1904
knkncpap-1,1905
knknoean-1,1906
knkocmnk-1,1907
knkodalc-1,1908
knkodjhc-1,1909
knkohend-1,1910
knlaojbb-1,1911
knlbahcp-1,1912
knlbkodp-1,1913
knlcaddi-1,1914
knlcalak-1,1915
knlcmddm-1,1916
knldkjkh-1,1917
knleaode-1,1918
knlfcdgm-1,1919
knlfdogb-1,1920
knlfhggj-1,1921
knlfnpha-1,1922
knlfonok-1,1923
knlgbijh-1,1924
knlgcgbj-1,1925
knlgkpma-1,1926
knlgkpmi-1,1927
knlhamgc-1,1928
knlhbpjh-1,1929
knlidadg-1,1930
knlidenk-1,1931
knliggbp-1,1932
knlimndm-1,1933
knlimoof-1,1934
knlipbjc-1,1935
knljdpoe-1,1936
knljhcog-1,1937
knljhpjl-1,1938
knljniha-1,1939
knlkjolm-1,1940
knlladga-1,1941
knllnkob-1,1942
knlmkkjg-1,1943
knlmlcij-1,1944
knlmphhe-1,1945
knlnfkgp-1,1946
knlnilke-1,1947
knlnobbp-1,1948
knloghfm-1,1949
knloglif-1,1950
knlojnnm-1,1951
knlomfpd-1,1952
knlpckme-1,1953
knlpkgem-1,1954
knlpmhej-1,1955
knmadmai-1,1956
knmaeacf-1,1957
knmaeolc-1,1958
knmagkmb-1,1959
knmbbfld-1,1960
knmbfibd-1,1961
knmcdppa-1,1962
knmdclgg-1,1963
knmdfohg-1,1964
knmdmpah-1,1965
knmedmin-1,1966
knmehbfb-1,1967
knmekpno-1,1968
knmfjmda-1,1969
knmfkkoa-1,1970
knmfndmh-1,1971
knmgbhjf-1,1972
knmgikkl-1,1973
knmgnpef-1,1974
knmhbmgk-1,1975
knmhhhje-1,1976
knmhpkee-1,1977
knmifkap-1,1978
knmiiclb-1,1979
knmiienf-1,1980
knmijhph-1,1981
knmiknhg-1,1982
knmjgimc-1,1983
knmjgkmk-1,1984
knmjkcpn-1,1985
knmjmnmm-1,1986
knmkefdk-1,1987
knmkhphm-1,1988
knmkjifp-1,1989
knmkkjbc-1,1990
knmkndnc-1,1991
knmknkai-1,1992
knmkpola-1,1993
knmlbfcd-1,1994
knmlbpig-1,1995
knmlcold-1,1996
knmldlnc-1,1997
knmlglph-1,1998
knmmajmi-1,1999
knmmhbic-1,2000
knmmpjon-1,2001
knmnjjba-1,2002
knmnmjgo-1,2003
knmnnpne-1,2004
knmoebgd-1,2005
knmoegep-1,2006
knmojicf-1,2007
knmolloa-1,2008
knmpbgbi-1,2009
knmpcegg-1,2010
knmphnkp-1,2011
knmpimke-1,2012
knnadojn-1,2013
knnapkdb-1,2014
knnbfdac-1,2015
knnbnijk-1,2016
knnbobie-1,2017
knnbpmkk-1,2018
knncipdj-1,2019
knndibpc-1,2020
knnedkfk-1,2021
knnfjaap-1,2022
knnfpdmp-1,2023
knngdfpf-1,2024
knngdihf-1,2025
knngecba-1,2026
knnhmghf-1,2027
knnibjel-1,2028
knnielfe-1,2029
knnipagk-1,2030
knnjadja-1,2031
knnjciln-1,2032
knnjjnen-1,2033
knnkchep-1,2034
knnkdkai-1,2035
knnkflci-1,2036
knnkipfp-1,2037
knnkkfha-1,2038
knnknlnj-1,2039
knnkokag-1,2040
knnkpoil-1,2041
knnlkjkl-1,2042
knnlpehk-1,2043
knnmcpim-1,2044
knnmfpop-1,2045
knnmiole-1,2046
knnmkpmg-1,2047
knnmlhan-1,2048
knnmpbdg-1,2049
knnnahen-1,2050
knnnfdad-1,2051
knnnojpn-1,2052
knnoemof-1,2053
knnomfma-1,2054
knnoplda-1,2055
knnpgcfa-1,2056
knnphbkp-1,2057
knnppmgd-1,2058
knoahgii-1,2059
knoahmja-1,2060
knoamfdm-1,2061
knoaonfj-1,2062
knobemaf-1,2063
knobfllp-1,2064
knobjamp-1,2065
knocbiap-1,2066
knodhfag-1,2067
knodpjip-1,2068
knoelgho-1,2069
knoepile-1,2070
knofaflm-1,2071
knofgikb-1,2072
knofgjhk-1,2073
knofpamn-1,2074
knohflfl-1,2075
knohgche-1,2076
knohjjbo-1,2077
knohjlbi-1,2078
knoibjfb-1,2079
knoilfbm-1,2080
knoiomlh-1,2081
knoklole-1,2082
knolbfaf-1,2083
knolgahi-1,2084
knoncmjk-1,2085
knondchp-1,2086
knondpmn-1,2087
knonjchh-1,2088
knonkifj-1,2089
knoodbii-1,2090
knoohkdg-1,2091
knopdbcb-1,2092
knopkabn-1,2093
knopllid-1,2094
knpcongm-1,2095
knpdfand-1,2096
knpdockk-1,2097
knpefbpk-1,2098
knpehbmf-1,2099
knpeoaoh-1,2100
knpfakcm-1,2101
knpfcdnc-1,2102
knpfmmhi-1,2103
knpgaohc-1,2104
knpgigfe-1,2105
knpgmidg-1,2106
knphbflj-1,2107
knphckdh-1,2108
knphdokf-1,2109
knphfkma-1,2110
knphilja-1,2111
knphlfbe-1,2112
knpjmdgh-1,2113
knpjpkli-1,2114
knpkcglb-1,2115
knpkdekd-1,2116
knpkmmcp-1,2117
knpkngma-1,2118
knplbnkb-1,2119
knplicna-1,2120
knpljnkl-1,2121
knpljoom-1,2122
knpmdmok-1,2123
knpmhpio-1,2124
knpmicjm-1,2125
knpmkdol-1,2126
knpmmcho-1,2127
knpmnelp-1,2128
knpnbabj-1,2129
knpnefem-1,2130
koadcofe-1,2131
koaeckea-1,2132
koagbdkh-1,2133
koahcfcm-1,2134
koahojgj-1,2135
koakonpp-1,2136
koaobghp-1,2137
koapgjbk-1,2138
kobgghei-1,2139
kobghbpe-1,2140
kobkmklc-1,2141
koblecfo-1,2142
koblnpjh-1,2143
kobmfmcj-1,2144
koboehfm-1,2145
kobpeaob-1,2146
koccobpf-1,2147
kocebnke-1,2148
koceefpa-1,2149
kocejfmc-1,2150
kocfjami-1,2151
kocfjhkn-1,2152
kocfocnb-1,2153
kocgjikf-1,2154
kochkkpk-1,2155
kochknpf-1,2156
kochmghd-1,2157
kocihpbc-1,2158
kociigif-1,2159
kocilcah-1,2160
kocinpdd-1,2161
kociogfb-1,2162
kocjfofi-1,2163
kocjplbj-1,2164
kocjpnid-1,2165
kockibjk-1,2166
kocknine-1,2167
kocllckg-1,2168
koclmmmd-1,2169
koclomnh-1,2170
kocmemok-1,2171
kocmfmip-1,2172
kocmkghe-1,2173
kocmncpp-1,2174
kocmoigc-1,2175
kocobjmi-1,2176
kocpklco-1,2177
kocppmic-1,2178
kodadcle-1,2179
kodadopl-1,2180
kodajodb-1,2181
kodbhclp-1,2182
kodbpdmo-1,2183
kodcanpc-1,2184
koddplbh-1,2185
kodfcepb-1,2186
kodfpide-1,2187
kodgfokg-1,2188
kodgonab-1,2189
kodhgpcc-1,2190
kodhgpkf-1,2191
kodhippl-1,2192
kodhoneg-1,2193
kodiadmf-1,2194
kodimgal-1,2195
kodjcenp-1,2196
kodjcfcg-1,2197
kodkefjj-1,2198
kodkihae-1,2199
kodkpgcp-1,2200
kodlemop-1,2201
kodleopc-1,2202
kodlgaem-1,2203
kodlldng-1,2204
kodmdfij-1,2205
kodmhapd-1,2206
kodobfjp-1,2207
kododmcm-1,2208
kodpgbdo-1,2209
kodpijni-1,2210
koeafmlc-1,2211
koeagcpn-1,2212
koeapedd-1,2213
koebofpd-1,2214
koecbdfp-1,2215
koecmahp-1,2216
koffipbf-1,2217
koffjinj-1,2218
kofgeael-1,2219
kofghhpn-1,2220
kofglekj-1,2221
kofglpmp-1,2222
kofgmcap-1,2223
kofhhdhh-1,2224
kofhlalf-1,2225
kofiaaia-1,2226
kofilcgd-1,2227
kofkahii-1,2228
kofkjmom-1,2229
kofldacj-1,2230
koflndpf-1,2231
koflpkod-1,2232
kofmpfna-1,2233
kofnebmp-1,2234
kofoifpm-1,2235
kofojajc-1,2236
kofonbaf-1,2237
kofoodnk-1,2238
kofopegb-1,2239
kofpahdm-1,2240
kofpgdng-1,2241
kofpldgg-1,2242
kofpodoj-1,2243
kogahedi-1,2244
kogajnbl-1,2245
kogaoaok-1,2246
kogbblep-1,2247
kogbomih-1,2248
kogcknkk-1,2249
kogdholn-1,2250
kogeebcm-1,2251
kogelapc-1,2252
kogemolo-1,2253
kogepagh-1,2254
kogfkoeb-1,2255
kogfmehk-1,2256
koggfghj-1,2257
koghfokn-1,2258
koghihkp-1,2259
kogibkgo-1,2260
kogiiapp-1,2261
kogjmali-1,2262
kogjpldl-1,2263
kogkfmcl-1,2264
kogklnpj-1,2265
koglcdho-1,2266
koglfpad-1,2267
kogloedg-1,2268
kogmafij-1,2269
kogmdkfl-1,2270
kogmonap-1,2271
kognaogm-1,2272
kognlefh-1,2273
kognmgna-1,2274
kogpdicj-1,2275
kogpdonh-1,2276
kogphfcb-1,2277
kogppbbi-1,2278
kohahfal-1,2279
kohamkpn-1,2280
kohbbebb-1,2281
kohbcbjj-1,2282
kohbknfk-1,2283
kohboeej-1,2284
kohchdik-1,2285
kohcinpa-1,2286
kohdadpo-1,2287
kohdjaij-1,2288
kohedojc-1,2289
koheejef-1,2290
kohefcif-1,2291
koheifnh-1,2292
kohfgkmd-1,2293
kohfljbm-1,2294
kohgemhj-1,2295
kohgfkab-1,2296
kohgflfg-1,2297
kohglgal-1,2298
kohgmihg-1,2299
kohgmldp-1,2300
kohhimii-1,2301
kohhkhch-1,2302
kohhlafp-1,2303
kohimbja-1,2304
kohjhebc-1,2305
kohjmlje-1,2306
kohkbiak-1,2307
kohkekkm-1,2308
kohlbead-1,2309
kohlfkom-1,2310
kohlmkbc-1,2311
kohlnhme-1,2312
kohmkjgn-1,2313
kohncdnm-1,2314
kohnhfeb-1,2315
kohomnik-1,2316
kohpeopf-1,2317
kohpfkfe-1,2318
kohpjgfj-1,2319
kohpkibf-1,2320
koiacnln-1,2321
koiapcce-1,2322
koicedin-1,2323
koidbnkc-1,2324
koidkeec-1,2325
koidpifh-1,2326
koifafoa-1,2327
koikapip-1,2328
koilibad-1,2329
koinkobm-1,2330
kojbbikm-1,2331
kojbjmac-1,2332
kojdmpgb-1,2333
kojegpki-1,2334
kojfgdle-1,2335
kojfgipj-1,2336
kojfmbip-1,2337
kojfodmb-1,2338
kojfpmmn-1,2339
kojgacio-1,2340
kojgondl-1,2341
kojhegdn-1,2342
kojhjajd-1,2343
kojhjpgc-1,2344
kojiacfa-1,2345
kojidigo-1,2346
kojilaee-1,2347
kojjknjo-1,2348
kojkaeie-1,2349
kojkbbco-1,2350
kojkghdk-1,2351
kojkhpjl-1,2352
kojkjdhg-1,2353
kojlblfc-1,2354
kojlfgcp-1,2355
kojlhhai-1,2356
kojmbnja-1,2357
kojmbobc-1,2358
kojmcbok-1,2359
kojmdcnj-1,2360
kojnpgle-1,2361
kojojdfi-1,2362
kojpabfb-1,2363
kojpdgnd-1,2364
kojpmgoo-1,2365
kokajpfi-1,2366
kokbhkdd-1,2367
kokbnido-1,2368
kokccoeb-1,2369
kokccpdi-1,2370
kokcggmp-1,2371
kokdgoke-1,2372
kokeacan-1,2373
kokepppm-1,2374
kokfbhhj-1,2375
kokfekmi-1,2376
kokgaiej-1,2377
kokgkcha-1,2378
kokhdbed-1,2379
kokhknfi-1,2380
kokhndpc-1,2381
kokiafge-1,2382
kokibdoi-1,2383
kokighic-1,2384
kokjcgee-1,2385
kokjgolf-1,2386
kokjpccb-1,2387
kokkcpme-1,2388
kokkebmh-1,2389
kokkjfko-1,2390
kokklehe-1,2391
kokkmbpf-1,2392
koklfgop-1,2393
koklfkbe-1,2394
kokljgfi-1,2395
kokmbgho-1,2396
kokmnagc-1,2397
kokngffe-1,2398
koknifdl-1,2399
kokoaheg-1,2400
kokocgjc-1,2401
kokofaag-1,2402
kokooomh-1,2403
kokpcpon-1,2404
kokpiojj-1,2405
kolaiiml-1,2406
kolbahac-1,2407
kolbphjm-1,2408
kolcbmda-1,2409
kolccema-1,2410
kolcdljb-1,2411
kolcedcf-1,2412
kolcfohk-1,2413
kolcimje-1,2414
kolcmkof-1,2415
koldambi-1,2416
koldboap-1,2417
koldedlb-1,2418
koldlgdh-1,2419
koldlmca-1,2420
koldmilp-1,2421
koledmge-1,2422
koleengd-1,2423
kolefbgf-1,2424
koleifgi-1,2425
kolemiba-1,2426
kolfnjfn-1,2427
kolgghfj-1,2428
kolphged-1,2429
komappmn-1,2430
kombjnad-1,2431
kombkclb-1,2432
kombkklk-1,2433
komblgdi-1,2434
komblmnm-1,2435
komcfema-1,2436
komdhafc-1,2437
komdilbf-1,2438
komdpmaj-1,2439
komeegbk-1,2440
komefhdl-1,2441
komeghnp-1,2442
komegojk-1,2443
komenome-1,2444
komfiagm-1,2445
komfkjkh-1,2446
komflmgb-1,2447
komgkmdd-1,2448
komhighp-1,2449
komhldeo-1,2450
komhnjmp-1,2451
komholai-1,2452
komhpfcj-1,2453
komiaiol-1,2454
komicngi-1,2455
komihoef-1,2456
komionai-1,2457
komjfccc-1,2458
komjjikh-1,2459
komjjjpo-1,2460
komjohhc-1,2461
komkbekn-1,2462
komkcjna-1,2463
komkghmj-1,2464
komkplbh-1,2465
komlmdlo-1,2466
komlmmfe-1,2467
kpbhhdcb-1,2468
kpbhogca-1,2469
kpbiajlh-1,2470
kpbihjie-1,2471
kpbijioa-1,2472
kpbjampn-1,2473
kpbjboon-1,2474
kpblajdi-1,2475
kpblfpgl-1,2476
kpblopjg-1,2477
kpblpmoj-1,2478
kpbmagoa-1,2479
kpbmakio-1,2480
kpbnjngn-1,2481
kpbocgag-1,2482
kpbokgik-1,2483
kpbpfcfm-1,2484
kpbpkcmc-1,2485
kpbploia-1,2486
kpbpnffj-1,2487
kpbppbki-1,2488
kpcabnpa-1,2489
kpcagcne-1,2490
kpcagebm-1,2491
kpcbbgdl-1,2492
kpcbokdl-1,2493
kpccahgc-1,2494
kpccalhm-1,2495
kpccnbge-1,2496
kpcddddn-1,2497
kpcedjal-1,2498
kpcfcbkd-1,2499
kpcffjke-1,2500
kpcfgdpm-1,2501
kpcfnjec-1,2502
kpcgaclb-1,2503
kpcgdfhb-1,2504
kpcgfjcj-1,2505
kpcgndpd-1,2506
kpchahei-1,2507
kpchdfcc-1,2508
kpchiida-1,2509
kpchlgfc-1,2510
kpcibjla-1,2511
kpcigcoa-1,2512
kpcihaan-1,2513
kpcikkph-1,2514
kpcinjna-1,2515
kpcjloec-1,2516
kpcjlpdc-1,2517
kpckelhf-1,2518
kpckoell-1,2519
kpclbpok-1,2520
kpcldbcp-1,2521
kpcleogp-1,2522
kpclhdlg-1,2523
kpclkada-1,2524
kpcmdcpj-1,2525
kpcmhcbo-1,2526
kpcnannc-1,2527
kpcnfdol-1,2528
kpcnkdjp-1,2529
kpconend-1,2530
kpcoppnd-1,2531
kpcpakkg-1,2532
kpcpdcgn-1,2533
kpcpfeak-1,2534
kpcplfkp-1,2535
kpcppfka-1,2536
kpdabhbj-1,2537
kpdaeiad-1,2538
kpddgefn-1,2539
kpddjaja-1,2540
kpdefdkc-1,2541
kpdehggd-1,2542
kpdekoge-1,2543
kpdffdjm-1,2544
kpdgnaof-1,2545
kpdgpfcn-1,2546
kpdgpogb-1,2547
kpdhhcbo-1,2548
kpdhlhgl-1,2549
kpdhlihf-1,2550
kpdieakd-1,2551
kpdjddlo-1,2552
kpdjighl-1,2553
kpdjkdhh-1,2554
kpdjobmc-1,2555
kpdkccmk-1,2556
kpfcjfbh-1,2557
kpfdbhkm-1,2558
kpfddkmp-1,2559
kpfddmla-1,2560
kpfdnhpb-1,2561
kpffgjle-1,2562
kpffgmgh-1,2563
kpffkggj-1,2564
kpfflcjc-1,2565
kpfgfjjl-1,2566
kpfihgbe-1,2567
kpfiijgj-1,2568
kpfkgmgf-1,2569
kpfkjdap-1,2570
kpfkombd-1,2571
kpflgccc-1,2572
kpflhlcm-1,2573
kpfljial-1,2574
kpflooki-1,2575
kpfmdnmb-1,2576
kpfmfokd-1,2577
kpfmjbho-1,2578
kpfmmgah-1,2579
kpfmppgc-1,2580
kpfnagag-1,2581
kpfnmnmg-1,2582
kpfogppn-1,2583
kpfoigid-1,2584
kpfolgjd-1,2585
kpfpjago-1,2586
kpfpmcbl-1,2587
kpfpnbbp-1,2588
kpfpolbb-1,2589
kpgaajjg-1,2590
kpgajkgf-1,2591
kpgaklhc-1,2592
kpgapdio-1,2593
kpgbhgjd-1,2594
kpgcegjh-1,2595
kpgcjjcb-1,2596
kpgdanfd-1,2597
kpgdjile-1,2598
kpgdkhci-1,2599
kpgdmjib-1,2600
kpgeaapn-1,2601
kpgebicl-1,2602
kpgelpoa-1,2603
kpgfdpen-1,2604
kpgfolha-1,2605
kpghiamg-1,2606
kpghldnk-1,2607
kpghlieg-1,2608
kpgiifja-1,2609
kpgjdiea-1,2610
kpgjepoa-1,2611
kpgjfajo-1,2612
kpgjjmal-1,2613
kpgjolob-1,2614
kpgkbkbd-1,2615
kpglddal-1,2616
kpglfjmj-1,2617
kpglhoao-1,2618
kpglkolh-1,2619
kpglnheo-1,2620
kpgmdopm-1,2621
kpgmeaid-1,2622
kpgmlhfj-1,2623
kpgmljnj-1,2624
kpgmllbb-1,2625
kpgmmmna-1,2626
kpgnfljd-1,2627
kpgnlnmg-1,2628
kpgodhlo-1,2629
kpgolfcd-1,2630
kpgomokn-1,2631
kpgpehea-1,2632
kpgpfmbj-1,2633
kpgphokm-1,2634
kpgpnben-1,2635
kphaaklc-1,2636
kphajapg-1,2637
kphbcbie-1,2638
kphbinpe-1,2639
kphbnhmj-1,2640
kphcdofh-1,2641
kphchoak-1,2642
kphdbomp-1,2643
kphdbpem-1,2644
kphdcmjn-1,2645
kphdfiif-1,2646
kphdfmka-1,2647
kphdjggk-1,2648
kphdmggm-1,2649
kpheffkc-1,2650
kphepimb-1,2651
kphfnfdi-1,2652
kphglmdf-1,2653
kphhdhdm-1,2654
kphhenee-1,2655
kphhlhkm-1,2656
kphhnafg-1,2657
kphhnkab-1,2658
kphighnh-1,2659
kphjahgj-1,2660
kphjbgfl-1,2661
kphkiikg-1,2662
kphkjpoe-1,2663
kphmbkng-1,2664
kphmkfno-1,2665
kphmlfle-1,2666
kphnkeea-1,2667
kphnnhpe-1,2668
kphonbbe-1,2669
kphpbpki-1,2670
kphphecn-1,2671
kphpljlj-1,2672
kphpnilk-1,2673
kphpobip-1,2674
kpiaalnl-1,2675
kpiadhdf-1,2676
kpiaeeee-1,2677
kpiaiilp-1,2678
kpiajmoc-1,2679
kpialiae-1,2680
kpiaplpl-1,2681
kpiapnca-1,2682
kpiappjf-1,2683
kpibmamc-1,2684
kpiceiih-1,2685
kpicjcho-1,2686
kpicjhhj-1,2687
kpiejmjj-1,2688
kpifiagn-1,2689
kpifjbod-1,2690
kpifknen-1,2691
kpifnbko-1,2692
kpigaiek-1,2693
kpigcheh-1,2694
kpigmfcm-1,2695
kpignbnf-1,2696
kpihelei-1,2697
kpihghcc-1,2698
kpihhbam-1,2699
kpihmdgc-1,2700
kpihoaea-1,2701
kpiijgcc-1,2702
kpiipdfc-1,2703
kpijcpaf-1,2704
kpijhiio-1,2705
kpikhkjl-1,2706
kpikhoik-1,2707
kpilafgd-1,2708
kpilbhcd-1,2709
kpilfnip-1,2710
kpiljnmg-1,2711
kpilkmkl-1,2712
kpilpddh-1,2713
kpimejim-1,2714
kpimodon-1,2715
kpimomme-1,2716
kpingngm-1,2717
kpinnnfc-1,2718
kpinolpi-1,2719
kpiofcmo-1,2720
kpiojmdc-1,2721
kpiojpld-1,2722
kpioobkc-1,2723
kpiopjfb-1,2724
kpipleib-1,2725
kpipmfdi-1,2726
kpjafkop-1,2727
kpjbfdim-1,2728
kpjbjaid-1,2729
kpjcemmi-1,2730
kpjcnoho-1,2731
kpjdngmg-1,2732
kpjedmbf-1,2733
kpjeghdn-1,2734
kpjeikmn-1,2735
kpjelbga-1,2736
kpjelokb-1,2737
kpjephap-1,2738
kpjfgakg-1,2739
kpjfohaf-1,2740
kpjgahgm-1,2741
kpjgepnl-1,2742
kpjgpfch-1,2743
kpjihlal-1,2744
kpjilhpp-1,2745
kpjimfok-1,2746
kpjjfbcj-1,2747
kpjjmcgo-1,2748
kpjjpjag-1,2749
kpjkfhmn-1,2750
kpjkkadp-1,2751
kpjlckjj-1,2752
kpjllbop-1,2753
kpjmbebn-1,2754
kpjmnnmg-1,2755
kpjmocfj-1,2756
kpjnjhla-1,2757
kpjoccnd-1,2758
kpjojaok-1,2759
kpjokkcm-1,2760
kpjpfmfa-1,2761
kpjphlog-1,2762
kpkadlke-1,2763
kpkbafgl-1,2764
kpkbagfe-1,2765
kpkbdoln-1,2766
kpkbflgh-1,2767
kpkcalck-1,2768
kpkcgmjg-1,2769
kpkcgodk-1,2770
kpkchldi-1,2771
kpkdchgc-1,2772
kpkddafi-1,2773
kpkeblng-1,2774
kpkecpji-1,2775
kpkekgfc-1,2776
kpkfglai-1,2777
kpkfhcea-1,2778
kpkfhhkn-1,2779
kpkfpfie-1,2780
kpkgafbk-1,2781
kpkgdpkb-1,2782
kpkgkibk-1,2783
kpkgklem-1,2784
kpkgnchf-1,2785
kpkhemeo-1,2786
kpkkdmee-1,2787
kpkkkcia-1,2788
kpklnjnc-1,2789
kpknhhfp-1,2790
kpkofegh-1,2791
kpkphnlj-1,2792
kpkpkggg-1,2793
kpldcmkk-1,2794
kplddfaf-1,2795
kpldgmlk-1,2796
kplfadpp-1,2797
kplfjbnn-1,2798
kplfmmki-1,2799
kplgbjoj-1,2800
kplgepgj-1,2801
kplgfnpa-1,2802
kplhakha-1,2803
kplhdidn-1,2804
kplheeaj-1,2805
kplhleok-1,2806
kpliogen-1,2807
kplioogp-1,2808
kpljddek-1,2809
kplkfmjp-1,2810
kpllacda-1,2811
kpllcemi-1,2812
kpllegcc-1,2813
kpllgkdd-1,2814
kpllhkbl-1,2815
kpllhlpo-1,2816
kpllpgpk-1,2817
kplmckmf-1,2818
kplnghkg-1,2819
kplngmhn-1,2820
kplnhkoi-1,2821
kplnjnom-1,2822
kplnpggb-1,2823
kplofpip-1,2824
kplollhj-1,2825
kplooijd-1,2826
kploppji-1,2827
kplpcopi-1,2828
kplpjfgg-1,2829
kpmaaged-1,2830
kpmajkmp-1,2831
kpmbhpmg-1,2832
kpmblehc-1,2833
kpmbnlcg-1,2834
kpmdifnp-1,2835
kpmefope-1,2836
kpmggaag-1,2837
kpmgpcon-1,2838
kpmhboji-1,2839
kpmiendi-1,2840
kpmkdcej-1,2841
kpmkecbl-1,2842
kpmlhfii-1,2843
kpmlkdlo-1,2844
kpmlonai-1,2845
kpmoieee-1,2846
kpmpeinp-1,2847
kpmpmnma-1,2848
kpnageeb-1,2849
kpnaheaa-1,2850
kpnaolno-1,2851
kpnbnbed-1,2852
kpncknec-1,2853
kpndepih-1,2854
kpneeecp-1,2855
kpnfbegc-1,2856
kpnfghne-1,2857
kpnfjibn-1,2858
kpnhdbae-1,2859
kpnhhejg-1,2860
kpnhhpjg-1,2861
kpnhikgd-1,2862
kpnhllnh-1,2863
kpnhmeml-1,2864
kpnihppm-1,2865
kpnjiihg-1,2866
kpnjkegl-1,2867
kpnkaopa-1,2868
kpnkkncg-1,2869
kpnlaein-1,2870
kpnlahmj-1,2871
kpnlfaad-1,2872
kpnljieh-1,2873
kpnlkakb-1,2874
kpnnpkdm-1,2875
kpnoipni-1,2876
kpnopebh-1,2877
kpnpdkch-1,2878
kpnpgjdb-1,2879
kpnpjbcm-1,2880
kpnpmmja-1,2881
kpoachkd-1,2882
kpoahboi-1,2883
kpoamieb-1,2884
kpoanobg-1,2885
kpobgcik-1,2886
kpobkmpd-1,2887
kpobmohp-1,2888
kpocaooo-1,2889
kpocgpob-1,2890
kpockpla-1,2891
kpodfheo-1,2892
kpodgmbf-1,2893
kpodoebm-1,2894
kpoeknib-1,2895
kpoeojac-1,2896
kpoepmoj-1,2897
kpofdppn-1,2898
kpoffnof-1,2899
kpofjknk-1,2900
kpogbond-1,2901
kpogichg-1,2902
kpogjflb-1,2903
kpogookl-1,2904
kpogphgh-1,2905
kpohepjo-1,2906
kpohpnhp-1,2907
kpohpppl-1,2908
kpoiblbh-1,2909
kpoiklgp-1,2910
kpojiaej-1,2911
kpojkbpo-1,2912
kpojmpdc-1,2913
kpokdkig-1,2914
kpokfhjb-1,2915
kpokoonf-1,2916
kpolcigo-1,2917
kpolebmj-1,2918
kpolohed-1,2919
kpomdkih-1,2920
kpomfjbo-1,2921
kponphbp-1,2922
kpoodjao-1,2923
kpoolipf-1,2924
kpopcjpg-1,2925
kpoplbfc-1,2926
kpopngda-1,2927
kppadofe-1,2928
kppafmcp-1,2929
kppaooia-1,2930
kppbclge-1,2931
kppbknfg-1,2932
kppcaogc-1,2933
kppddkfc-1,2934
kppdeagf-1,2935
kppdnbek-1,2936
kppdnhhp-1,2937
kppeaogm-1,2938
kppecfda-1,2939
kppedioe-1,2940
kppejgnl-1,2941
kppfecgi-1,2942
kppfkclp-1,2943
kppfmamb-1,2944
kppgcmlg-1,2945
kppgdokb-1,2946
kppgmijg-1,2947
kppgmoop-1,2948
kppiipfl-1,2949
kppjaapb-1,2950
kppjbhnb-1,2951
kppjfdne-1,2952
kppjiabd-1,2953
kppjppop-1,2954
kppkbeib-1,2955
kppknhjh-1,2956
kppkphbm-1,2957
kppldgjn-1,2958
kppleokf-1,2959
kppljheo-1,2960
kppmdemj-1,2961
kppnaoao-1,2962
kppnphgp-1,2963
kppocelo-1,2964
kppoeiec-1,2965
kppommef-1,2966
kpppgkej-1,2967
laaaenip-1,2968
laaanhnp-1,2969
laabodil-1,2970
laabpoif-1,2971
laacceod-1,2972
laaedhei-1,2973
laaehinm-1,2974
laaejjop-1,2975
laaenplf-1,2976
laafffcb-1,2977
laagcbpe-1,2978
laagfmcl-1,2979
laagnmhh-1,2980
laahjdnd-1,2981
laaikkgi-1,2982
laailhac-1,2983
laajllcf-1,2984
laajmacp-1,2985
laajmicb-1,2986
laajpkmc-1,2987
laakcfnn-1,2988
laakmjfp-1,2989
laalkkpd-1,2990
laaminac-1,2991
laanlljl-1,2992
laanpoci-1,2993
laapanei-1,2994
laaphhld-1,2995
laapiaan-1,2996
lababbig-1,2997
labaeded-1,2998
labailne-1,2999
labbabih-1,3000
labbalfp-1,3001
labbbkbd-1,3002
labbhapc-1,3003
labbmjni-1,3004
labbpdnh-1,3005
labcehdj-1,3006
labchmmp-1,3007
labcolhh-1,3008
labdfgcg-1,3009
labdokhb-1,3010
labdpbba-1,3011
labffnhd-1,3012
labfhmjm-1,3013
labfiged-1,3014
labfkhel-1,3015
labgbdeg-1,3016
labggilh-1,3017
labghegh-1,3018
labgmcel-1,3019
labhdegh-1,3020
labhldfg-1,3021
labigabb-1,3022
labipjjh-1,3023
labjdagg-1,3024
labjpgmj-1,3025
labkifgm-1,3026
lablohla-1,3027
lablokga-1,3028
lablpedi-1,3029
labmedfl-1,3030
labmkddg-1,3031
labmngpl-1,3032
labnecmf-1,3033
labneimm-1,3034
labnfpag-1,3035
labnpknk-1,3036
labobddd-1,3037
labonmmp-1,3038
labpfdjd-1,3039
labpjmob-1,3040
labplgla-1,3041
labppjba-1,3042
lacafing-1,3043
lacaplbe-1,3044
lacbbmef-1,3045
lacbgmal-1,3046
lacchaij-1,3047
lacchmaj-1,3048
laccijhp-1,3049
laccnkdf-1,3050
lacdbnpp-1,3051
lacdfnge-1,3052
lacdjdeo-1,3053
laceajlm-1,3054
lacepbdg-1,3055
lacfaeop-1,3056
lacgccmh-1,3057
lacghkpa-1,3058
lacgpbdo-1,3059
lachdjel-1,3060
lachfjdb-1,3061
lachjfod-1,3062
lachkaic-1,3063
lachpelk-1,3064
lacieolg-1,3065
laciikbl-1,3066
lacimhee-1,3067
lacjfohj-1,3068
lacjgebj-1,3069
lacjijbe-1,3070
lackejpi-1,3071
lacleini-1,3072
laclggaa-1,3073
laclkdnn-1,3074
lacmbeib-1,3075
lacmcgdp-1,3076
lacmggnb-1,3077
lacmpbcb-1,3078
lacnbeil-1,3079
lacnhfdb-1,3080
lacoieka-1,3081
lacoinaj-1,3082
lacolocg-1,3083
lacoodak-1,3084
lacpeago-1,3085
lacphhdi-1,3086
lacpicjm-1,3087
lacpkcnm-1,3088
lacpmacj-1,3089
ladagcbh-1,3090
ladampna-1,3091
ladapgfn-1,3092
ladbamjf-1,3093
ladbbifa-1,3094
ladbdico-1,3095
ladbjlbb-1,3096
ladbjopi-1,3097
ladcgegk-1,3098
ladcjhjk-1,3099
ladcmppb-1,3100
laddncbf-1,3101
laddpoja-1,3102
ladedjic-1,3103
ladehimi-1,3104
ladfihol-1,3105
ladfnpce-1,3106
ladhdfll-1,3107
ladhdoim-1,3108
ladhnnoc-1,3109
ladibgjn-1,3110
ladidfpi-1,3111
ladiknfh-1,3112
ladioedl-1,3113
ladiokpd-1,3114
ladjhhpk-1,3115
ladjidbh-1,3116
ladjongd-1,3117
ladldccp-1,3118
ladldfgp-1,3119
ladlkddc-1,3120
ladlmlpd-1,3121
ladmjegp-1,3122
ladmofeg-1,3123
ladncfea-1,3124
ladnffcb-1,3125
ladnhgbf-1,3126
ladnidil-1,3127
ladpdhgn-1,3128
ladplhgb-1,3129
laebbjkk-1,3130
laebcbnc-1,3131
laebnmkj-1,3132
laecffnm-1,3133
laecgcpm-1,3134
laecikgi-1,3135
laedabpf-1,3136
laedpbdc-1,3137
laedpkbo-1,3138
laeepokl-1,3139
laegcigb-1,3140
laegdmga-1,3141
laegmeij-1,3142
laehaefd-1,3143
laehgcnf-1,3144
laehhbfh-1,3145
laeigipp-1,3146
laeihkan-1,3147
laeiifof-1,3148
laejcaln-1,3149
laejchkb-1,3150
laejdaeb-1,3151
laejefmi-1,3152
laekcbcg-1,3153
laekmhfd-1,3154
laelghmm-1,3155
laembcld-1,3156
laemfgkg-1,3157
laemjhjj-1,3158
laemnknf-1,3159
laencbga-1,3160
laenipjn-1,3161
laeoglna-1,3162
laeokokd-1,3163
laepgeom-1,3164
laepjnnb-1,3165
lafabflh-1,3166
lafabnik-1,3167
lafadged-1,3168
lafaemdj-1,3169
lafagpce-1,3170
lafajmjm-1,3171
lafakkil-1,3172
lafapblb-1,3173
lafbckoc-1,3174
lafbnbdd-1,3175
lafbnohp-1,3176
lafcdgba-1,3177
lafcihkn-1,3178
lafclfje-1,3179
lafdghea-1,3180
lafdmekm-1,3181
lafdncic-1,3182
lafeahac-1,3183
lafecgdm-1,3184
lafeehca-1,3185
lafeihbh-1,3186
lafeljbf-1,3187
lafelmoe-1,3188
laffigea-1,3189
laffiocd-1,3190
laffklif-1,3191
lafflafe-1,3192
laffohbj-1,3193
lafgegpa-1,3194
lafgejll-1,3195
lafhjepg-1,3196
lafinpea-1,3197
lafjeijl-1,3198
lafkdpdg-1,3199
lafldjlb-1,3200
laflehaa-1,3201
lafljoic-1,3202
lafmilfo-1,3203
lafmjeej-1,3204
lafmmadg-1,3205
lafngajo-1,3206
lafnpghf-1,3207
lafobbdk-1,3208
lafojidf-1,3209
lafplmii-1,3210
lafpmchl-1,3211
lafppkae-1,3212
lagbehfd-1,3213
lagbfbgf-1,3214
lagboidf-1,3215
lagceamg-1,3216
lagchhjo-1,3217
lagdihoe-1,3218
lagememn-1,3219
lagenhed-1,3220
lagffodl-1,3221
lagfnkkg-1,3222
lagfokjb-1,3223
laggcdne-1,3224
laggcenk-1,3225
laggpkpf-1,3226
laghebkb-1,3227
laghfkad-1,3228
laghnblh-1,3229
lagicegi-1,3230
lagieiig-1,3231
lagilhfm-1,3232
lagjcdnf-1,3233
lagkeffb-1,3234
laglbofg-1,3235
laglehig-1,3236
laglijeh-1,3237
lagnfkpp-1,3238
lagnhdin-1,3239
lagnijio-1,3240
lagninfm-1,3241
lagoddhj-1,3242
lagodeco-1,3243
lagogiil-1,3244
lagpfijp-1,3245
lagpiaoc-1,3246
lahackdp-1,3247
lahakafp-1,3248
lahakmle-1,3249
lahbhpki-1,3250
lahcgcfa-1,3251
lahcoehm-1,3252
lahdpefk-1,3253
lahfkdjk-1,3254
lahgcbje-1,3255
lahghila-1,3256
lahgjljc-1,3257
lahgpgmn-1,3258
lahhfbjc-1,3259
lahighbf-1,3260
lahiiggj-1,3261
lahjmkka-1,3262
lahlbhnm-1,3263
lahmckcl-1,3264
lahmconk-1,3265
lahngneh-1,3266
lahnkogf-1,3267
lahnlbdi-1,3268
lahnmekd-1,3269
lahoodna-1,3270
lahpailb-1,3271
lahpobhg-1,3272
laiacffc-1,3273
laianmib-1,3274
laianmjd-1,3275
laiapkae-1,3276
laiccabp-1,3277
laicdkfp-1,3278
laicllmg-1,3279
laidknmp-1,3280
laidnfdj-1,3281
laiemifj-1,3282
laifaapd-1,3283
laifbhjm-1,3284
laififch-1,3285
laifkape-1,3286
laiflamm-1,3287
laifpflb-1,3288
laigmaco-1,3289
laihhbnc-1,3290
laihmagd-1,3291
laihopcm-1,3292
laiickbb-1,3293
laiidgog-1,3294
laiigocf-1,3295
laiimkpm-1,3296
laiinnom-1,3297
lailanlk-1,3298
lailfpeg-1,3299
lailkngo-1,3300
lailomff-1,3301
laimapkk-1,3302
laimbhdd-1,3303
laimifce-1,3304
laimlamm-1,3305
laimmnhn-1,3306
laiokbgf-1,3307
laiooabo-1,3308
laipbhmm-1,3309
laipindk-1,3310
laipjika-1,3311
lajabhik-1,3312
lajaemgn-1,3313
lajamnac-1,3314
lajbgioo-1,3315
lajddjca-1,3316
lajdfkfd-1,3317
lajdoimk-1,3318
lajegfem-1,3319
lajeokdg-1,3320
lajgabgm-1,3321
lajgdjpj-1,3322
lajgejlj-1,3323
lajgjkhb-1,3324
lajgleeo-1,3325
lajgnjfg-1,3326
lajhffkn-1,3327
lajhidkl-1,3328
lajhofmp-1,3329
lajialhk-1,3330
lajjgeep-1,3331
lajjpgjh-1,3332
lajjphlp-1,3333
lajlleka-1,3334
lajmdgan-1,3335
lajmmjak-1,3336
lajmnlmi-1,3337
lajnalpe-1,3338
lajnhccf-1,3339
lajnhcfo-1,3340
lajoiljl-1,3341
lajpaggn-1,3342
lajpdpgh-1,3343
lajpjpgb-1,3344
lajpkfki-1,3345
lajppdki-1,3346
lakagmgh-1,3347
lakankdk-1,3348
lakaphmb-1,3349
lakccflp-1,3350
lakceomo-1,3351
lakcfkjh-1,3352
lakcknac-1,3353
lakclhja-1,3354
lakdikam-1,3355
lakfbaca-1,3356
lakfmljd-1,3357
lakfohif-1,3358
lakgagge-1,3359
lakgahfg-1,3360
lakijagc-1,3361
lakimaog-1,3362
lakjhfhh-1,3363
lakkhpjo-1,3364
laklndci-1,3365
laklndgi-1,3366
laklnhap-1,3367
lakmdild-1,3368
lakmelap-1,3369
lakminai-1,3370
lakoamam-1,3371
lakoaoap-1,3372
lakoniap-1,3373
lakpajfa-1,3374
lakpdjhk-1,3375
lalacndm-1,3376
lalagjec-1,3377
lalanigb-1,3378
lalapdgc-1,3379
lalblhdg-1,3380
lalbmikh-1,3381
lalbpojp-1,3382
lalcggpc-1,3383
lalckpph-1,3384
lalcplae-1,3385
laleifpo-1,3386
lalelahe-1,3387
laleooap-1,3388
lalfiphc-1,3389
lalfllph-1,3390
lalflnhd-1,3391
lalfocme-1,3392
lalfodac-1,3393
lalghhlm-1,3394
lalhbhic-1,3395
lalieicp-1,3396
lalihmjp-1,3397
laliioao-1,3398
lalimdnm-1,3399
laljikgc-1,3400
lallhfoo-1,3401
lalmcbam-1,3402
lalmpcec-1,3403
lalnejnk-1,3404
lalngfdi-1,3405
lalnnjhk-1,3406
laloabnk-1,3407
lalobdlo-1,3408
lalodjbb-1,3409
lalonoof-1,3410
lalpdffj-1,3411
lalpgjle-1,3412
lalphnfg-1,3413
lamabcpk-1,3414
lamagjca-1,3415
lamaifkb-1,3416
lamanpko-1,3417
lambealn-1,3418
lamcfmlc-1,3419
lamdeamh-1,3420
lamdiiaj-1,3421
lamehggi-1,3422
lameohfg-1,3423
lamgcnfj-1,3424
lamhemhc-1,3425
lamiciki-1,3426
lamkbaje-1,3427
lamkbglo-1,3428
lamliddl-1,3429
lammcdae-1,3430
lammkaob-1,3431
lammmjac-1,3432
lamnaabi-1,3433
lamnfgcn-1,3434
lamobjcd-1,3435
lampfkfe-1,3436
lampjdii-1,3437
lampnamk-1,3438
lampoepg-1,3439
lamppecg-1,3440
lanaoogc-1,3441
lanbfjbm-1,3442
lanbinan-1,3443
lanbohmk-1,3444
lancepae-1,3445
lancljli-1,3446
lancmiao-1,3447
landckkh-1,3448
landmhem-1,3449
laneaden-1,3450
lanebmhj-1,3451
laneipfb-1,3452
lanejkno-1,3453
lanfhjgm-1,3454
lanfkkpi-1,3455
lanfpohj-1,3456
langdopl-1,3457
lanhhcil-1,3458
lanhoegl-1,3459
laniapaf-1,3460
laniipfg-1,3461
lanjaeji-1,3462
lanjglgb-1,3463
lanjhbcf-1,3464
lanjmkej-1,3465
lankemjj-1,3466
lankjbed-1,3467
lankjpdi-1,3468
lanklgdn-1,3469
lanlbpel-1,3470
lanlopmk-1,3471
lannjgio-1,3472
lannjjcp-1,3473
lanogeai-1,3474
lanoghdf-1,3475
lanpcjja-1,3476
lanpdefc-1,3477
lanpdhon-1,3478
laoahkkl-1,3479
laoakdcd-1,3480
laoakkhg-1,3481
laobeaan-1,3482
laobipnl-1,3483
laobkllp-1,3484
laocegca-1,3485
laocklfj-1,3486
laodbfdo-1,3487
laodlmng-1,3488
laoemomd-1,3489
laofkbom-1,3490
laogdbmp-1,3491
laogngai-1,3492
laohgpdp-1,3493
laoiadbj-1,3494
laoiecmb-1,3495
laoipffb-1,3496
laojcljn-1,3497
laojdkii-1,3498
laojgdpo-1,3499
laokhddl-1,3500
laokhlho-1,3501
laokkeik-1,3502
laolkmjm-1,3503
laollipl-1,3504
laollllk-1,3505
laolmmjm-1,3506
laomlhnd-1,3507
laonappn-1,3508
laongfcm-1,3509
laonoomf-1,3510
laopjgak-1,3511
lapadlka-1,3512
lapbdmad-1,3513
lapbmeje-1,3514
lapbplom-1,3515
lapcffkm-1,3516
lapcpfnj-1,3517
lapdloll-1,3518
lapdlopn-1,3519
lapdohfk-1,3520
lapdplne-1,3521
lapehhdb-1,3522
lapenjcn-1,3523
lapfeicp-1,3524
lapfhaba-1,3525
lapfmbkk-1,3526
lapgjjhh-1,3527
lapgkche-1,3528
lapgmpgl-1,3529
lapgpmfo-1,3530
lapicibe-1,3531
lapiflpk-1,3532
lapihjjc-1,3533
lapiicfb-1,3534
lapijkdg-1,3535
lapjfgfk-1,3536
lapkbjbp-1,3537
lapkdmgc-1,3538
laplhcho-1,3539
laplopkn-1,3540
lapnanko-1,3541
lapncbpf-1,3542
lapncebi-1,3543
lapndfbf-1,3544
lapnlpaf-1,3545
lapnnkaf-1,3546
lapoenbg-1,3547
lbbpacll-1,3548
lbbpaemd-1,3549
lbbpcked-1,3550
lbbpgiba-1,3551
lbbpkggo-1,3552
lbbppnfm-1,3553
lbcabpgc-1,3554
lbcaldcl-1,3555
lbcanpbd-1,3556
lbccnkei-1,3557
lbcdhgde-1,3558
lbcehleh-1,3559
lbcekfjh-1,3560
lbcfdaae-1,3561
lbcgmapi-1,3562
lbcgnpea-1,3563
lbchcjan-1,3564
lbchmdcm-1,3565
lbchmggp-1,3566
lbcilnhp-1,3567
lbcjikie-1,3568
lbcjjnah-1,3569
lbcjkdkc-1,3570
lbckbadh-1,3571
lbckiidm-1,3572
lbcklchd-1,3573
lbclahkc-1,3574
lbcmeodf-1,3575
lbcmfdhb-1,3576
lbcmgbji-1,3577
lbcndahn-1,3578
lbcoacdl-1,3579
lbcofelh-1,3580
lbcoldlp-1,3581
lbconhlp-1,3582
lbcphmpb-1,3583
lbdaapkh-1,3584
lbdabgkb-1,3585
lbdamkad-1,3586
lbdaohbi-1,3587
lbdbedjg-1,3588
lbdcccpl-1,3589
lbdeiadc-1,3590
lbdeoiad-1,3591
lbdepebh-1,3592
lbdfanoh-1,3593
lbdfappo-1,3594
lbdfeooe-1,3595
lbdfjadh-1,3596
lbdflpkm-1,3597
lbdfpkbe-1,3598
lbdhjcog-1,3599
lbdhmkga-1,3600
lbdiopma-1,3601
lbdjhgpo-1,3602
lbdjpkda-1,3603
lbdkdjkc-1,3604
lbdkdpam-1,3605
lbdkimig-1,3606
lbdkjida-1,3607
lbdlaaok-1,3608
lbdlcheg-1,3609
lbdljplh-1,3610
lbdmgdbn-1,3611
lbdmknpd-1,3612
lbdmlbkd-1,3613
lbdmmlgl-1,3614
lbdmoepa-1,3615
lbdnfffe-1,3616
lbdnghgd-1,3617
lbdnjgka-1,3618
lbdphljl-1,3619
lbeacncp-1,3620
lbeafgjf-1,3621
lbebmlal-1,3622
lbebmogo-1,3623
lbecfngf-1,3624
lbechhla-1,3625
lbeckncb-1,3626
lbeclmgd-1,3627
lbecnido-1,3628
lbedfbij-1,3629
lbedieka-1,3630
lbedkoln-1,3631
lbedmllo-1,3632
lbedndoj-1,3633
lbeffhik-1,3634
lbefhaln-1,3635
lbefhbmp-1,3636
lbefmali-1,3637
lbeglenh-1,3638
lbeglokc-1,3639
lbegpgac-1,3640
lbehdfhd-1,3641
lbehofbi-1,3642
lbeibboe-1,3643
lbeibnnl-1,3644
lbeihbni-1,3645
lbeingjb-1,3646
lbejakmc-1,3647
lbejcffk-1,3648
lbekeeha-1,3649
lbekefin-1,3650
lbekmmod-1,3651
lbeknlap-1,3652
lbellkpl-1,3653
lbemephm-1,3654
lbemfhce-1,3655
lbendjlm-1,3656
lbeojagk-1,3657
lbeojckl-1,3658
lbepcacn-1,3659
lbepfgod-1,3660
lbephlij-1,3661
lbfaadee-1,3662
lbfalpdo-1,3663
lbfbbkbe-1,3664
lbfcggjc-1,3665
lbfcinpe-1,3666
lbfclabn-1,3667
lbfclimo-1,3668
lbfcnpah-1,3669
lbfdampg-1,3670
lbfddjnp-1,3671
lbfdiblg-1,3672
lbfebbpd-1,3673
lbfedkpd-1,3674
lbfednam-1,3675
lbfenmnl-1,3676
lbffagli-1,3677
lbffimlk-1,3678
lbffklgm-1,3679
lbfghepj-1,3680
lbfgldnf-1,3681
lbfgmonm-1,3682
lbfgpmim-1,3683
lbfhebek-1,3684
lbficagm-1,3685
lbfihobk-1,3686
lbfihoeb-1,3687
lbfikcia-1,3688
lbfimgfe-1,3689
lbfjabkh-1,3690
lbfjbbae-1,3691
lbfjcncp-1,3692
lbfjjkdb-1,3693
lbfkablo-1,3694
lbfkeabo-1,3695
lbfkekmn-1,3696
lbfkhdfa-1,3697
lbfkkphm-1,3698
lbflaknb-1,3699
lbflebhb-1,3700
lbfmgckn-1,3701
lbfmolab-1,3702
lbfniimf-1,3703
lbfnlkbp-1,3704
lbfoflpg-1,3705
lbfoghcm-1,3706
lbfojaeh-1,3707
lbfonfgi-1,3708
lbfpdikl-1,3709
lbgagpoc-1,3710
lbgalljp-1,3711
lbganbke-1,3712
lbgbhpck-1,3713
lbgcgfik-1,3714
lbgcgiph-1,3715
lbgdceop-1,3716
lbgdechp-1,3717
lbgdfgmh-1,3718
lbgdoopl-1,3719
lbgeenkk-1,3720
lbgeodhc-1,3721
lbgfhhad-1,3722
lbgfiklb-1,3723
lbggnedn-1,3724
lbggnlkd-1,3725
lbgholhn-1,3726
lbgiglna-1,3727
lbgjcman-1,3728
lbgjdnje-1,3729
lbgjeekd-1,3730
lbgkbjgi-1,3731
lbglampc-1,3732
lbgllcih-1,3733
lbgllfll-1,3734
lbgmjonb-1,3735
lbgninlo-1,3736
lbgogenm-1,3737
lbgomdhf-1,3738
lbhafhej-1,3739
lbhbehae-1,3740
lbhccleh-1,3741
lbhcohbm-1,3742
lbhdkefa-1,3743
lbhdojjj-1,3744
lbhemmpc-1,3745
lbhfbedp-1,3746
lbhfcjlg-1,3747
lbhfkkbk-1,3748
lbhgfngc-1,3749
lbhgnjmo-1,3750
lbhhgpdo-1,3751
lbhhipdg-1,3752
lbhhmlmm-1,3753
lbhibgjf-1,3754
lbhiheaf-1,3755
lbhjfbnb-1,3756
lbhjfech-1,3757
lbhkehhp-1,3758
lbhkgfid-1,3759
lbhkkfco-1,3760
lbhlhfnh-1,3761
lbhmdhpi-1,3762
lbhmgcka-1,3763
lbhmmgde-1,3764
lbhofbpl-1,3765
lbhohdib-1,3766
lbhoijik-1,3767
lbhomekh-1,3768
lbhpehif-1,3769
lbiagohj-1,3770
lbiajflg-1,3771
lbiandgm-1,3772
lbibldcp-1,3773
lbiccdbk-1,3774
lbicgahl-1,3775
lbichlgi-1,3776
lbidaone-1,3777
lbidgcmg-1,3778
lbidimbd-1,3779
lbidpeao-1,3780
lbiefdmo-1,3781
lbifjkla-1,3782
lbigekll-1,3783
lbihcoeg-1,3784
lbiheplj-1,3785
lbihifpd-1,3786
lbihlhhh-1,3787
lbiiafpp-1,3788
lbiilelg-1,3789
lbiiloep-1,3790
lbijchdd-1,3791
lbijkpcp-1,3792
lbikkccg-1,3793
lbikmbaa-1,3794
lbikobeg-1,3795
lbilchec-1,3796
lbiledhe-1,3797
lbiljlef-1,3798
lbimgobj-1,3799
lbimlani-1,3800
lbimnbep-1,3801
lbimngfm-1,3802
lbinepof-1,3803
lbioimbd-1,3804
lbioobmm-1,3805
lbipedmo-1,3806
lbiplbie-1,3807
lbippcad-1,3808
lbjaefbb-1,3809
lbjamlda-1,3810
lbjbladj-1,3811
lbjcifia-1,3812
lbjcllbd-1,3813
lbjcokof-1,3814
lbjcpnff-1,3815
lbjdnpej-1,3816
lbjdonln-1,3817
lbjfamfe-1,3818
lbjfcdid-1,3819
lbjfdhpb-1,3820
lbjffmjl-1,3821
lbjgfdjg-1,3822
lbjgjnpf-1,3823
lbjgmjcc-1,3824
lbjhccfn-1,3825
lbjhehno-1,3826
lbjjbleo-1,3827
lbjjejbi-1,3828
lbjjekhn-1,3829
lbjjgfmk-1,3830
lbjjlhfk-1,3831
lbjjlian-1,3832
lbjjmkhb-1,3833
lbjkbmcc-1,3834
lbjlgjdc-1,3835
lbjlkjbd-1,3836
lbjlpeel-1,3837
lbjmdlgc-1,3838
lbjmjafa-1,3839
lbjnajjb-1,3840
lbjndnbl-1,3841
lbjnejgh-1,3842
lbjnlbkd-1,3843
lbjobagd-1,3844
lbjobdbd-1,3845
lbjobind-1,3846
lbjoegcp-1,3847
lbjomjhm-1,3848
lbjpgbeg-1,3849
lbjpgcbe-1,3850
lbjpiiak-1,3851
lbjpkpkb-1,3852
lbjppnjg-1,3853
lbkakopb-1,3854
lbkandem-1,3855
lbkanknb-1,3856
lbkbaolo-1,3857
lbkcfkjp-1,3858
lbkcfmca-1,3859
lbkchcej-1,3860
lbkchjbp-1,3861
lbkchoca-1,3862
lbkcibbn-1,3863
lbkcmikk-1,3864
lbkdgpmi-1,3865
lbkdidak-1,3866
lbkdiddk-1,3867
lbkdmkod-1,3868
lbkedalk-1,3869
lbkedjec-1,3870
lbkefhid-1,3871
lbkfapig-1,3872
lbkfbggc-1,3873
lbkfciga-1,3874
lbkfoibn-1,3875
lbkgbfao-1,3876
lbkgphee-1,3877
lbkifklf-1,3878
lbkjadjf-1,3879
lbkjcgbh-1,3880
lbkjidho-1,3881
lbkjmong-1,3882
lbkkajdj-1,3883
lbkkapln-1,3884
lbkkdaaj-1,3885
lbkkgneg-1,3886
lbkkhbjk-1,3887
lbkkldfh-1,3888
lbklaifn-1,3889
lbklcbpd-1,3890
lbklnpec-1,3891
lbklpooe-1,3892
lbkmfpll-1,3893
lbknadek-1,3894
lbkncehl-1,3895
lbknohjl-1,3896
lbknombb-1,3897
lbkolpee-1,3898
lbkpffgc-1,3899
lbkpmedh-1,3900
lblafjpm-1,3901
lblahgoj-1,3902
lblanlfa-1,3903
lblapjmk-1,3904
lblbdhan-1,3905
lblbgdje-1,3906
lblbjkjp-1,3907
lblcafkj-1,3908
lblckgnj-1,3909
lblddeen-1,3910
lbldeobh-1,3911
lbldmbfg-1,3912
lbleonhg-1,3913
lblfejbi-1,3914
lblffbcg-1,3915
lblffnkn-1,3916
lblgjknj-1,3917
lblgnpfa-1,3918
lblhapin-1,3919
lblhbjhf-1,3920
lblhchkm-1,3921
lblhinfc-1,3922
lblhneop-1,3923
lblidgap-1,3924
lbljdkdm-1,3925
lbljifoa-1,3926
lbljmihm-1,3927
lbljoikc-1,3928
lblkdggc-1,3929
lblkeala-1,3930
lblkhcoh-1,3931
lblkiacn-1,3932
lblkjmdp-1,3933
lblknnli-1,3934
lblkpndk-1,3935
lblmaipn-1,3936
lblmecli-1,3937
lblnddbm-1,3938
lblnphok-1,3939
lblpmknn-1,3940
lblpmnmn-1,3941
lblppegd-1,3942
lbmaaopl-1,3943
lbmadjjj-1,3944
lbmapncj-1,3945
lbmappio-1,3946
lbmbneio-1,3947
lbmceebf-1,3948
lbmcefga-1,3949
lbmcpcpg-1,3950
lbmdfddc-1,3951
lbmdjllc-1,3952
lbmeklec-1,3953
lbmenkgm-1,3954
lbmepgjm-1,3955
lbmfdhdb-1,3956
lbmfjigd-1,3957
lbmflpbm-1,3958
lbmgibpj-1,3959
lbmgjkob-1,3960
lbmglnfp-1,3961
lbmgloif-1,3962
lbmgooab-1,3963
lbmhampc-1,3964
lbmhfokb-1,3965
lbmhjkhj-1,3966
lbmiaknf-1,3967
lbmimgdh-1,3968
lbmioion-1,3969
lbmjfghk-1,3970
lbmjfipf-1,3971
lbmjonbc-1,3972
lbmkidag-1,3973
lbmkoino-1,3974
lbmlaeii-1,3975
lbmlgfep-1,3976
lbmlkfjg-1,3977
lbmlknfe-1,3978
lbmmcaff-1,3979
lbmmmjjg-1,3980
lbmnnjjg-1,3981
lbmoacmc-1,3982
lbmoeaib-1,3983
lbnadckc-1,3984
lbnafjkf-1,3985
lbnajkcn-1,3986
lbnangfg-1,3987
lbnbddjb-1,3988
lbnbieob-1,3989
lbnbkpag-1,3990
lbndadnl-1,3991
lbndcacp-1,3992
lbnejeic-1,3993
lbnfdkle-1,3994
lbnfhejo-1,3995
lbnfhohm-1,3996
lbnflgcd-1,3997
lbngjgcc-1,3998
lbnhapln-1,3999
lbnhjbgd-1,4000
lbnhlcjn-1,4001
lbnhplec-1,4002
lbniagka-1,4003
lbnidimp-1,4004
lbniilbf-1,4005
lbnjbpec-1,4006
lbnjfcgj-1,4007
lbnkbnag-1,4008
lbnmbfae-1,4009
lbnoogaa-1,4010
lbnpjodp-1,4011
lbnppaaf-1,4012
lboabndl-1,4013
lboadjip-1,4014
lboahebh-1,4015
lboajfjc-1,4016
lboalkpj-1,4017
lbobchpk-1,4018
lbobocdl-1,4019
lbodangk-1,4020
lbodmkfo-1,4021
lbofihkp-1,4022
lbofombk-1,4023
lbofpjlg-1,4024
lbohemlm-1,4025
lbohghkj-1,4026
lbohnefh-1,4027
lboidbgj-1,4028
lbojmlmg-1,4029
lbolfckk-1,4030
lbolflca-1,4031
lboljfmn-1,4032
lbolpick-1,4033
lbomflja-1,4034
lbomnknf-1,4035
lbonhfmh-1,4036
lbookhba-1,4037
lbopbmha-1,4038
lbophdbj-1,4039
lbpafmmh-1,4040
lbpalhpm-1,4041
lbpbfkhn-1,4042
lbpbhkhl-1,4043
lbpbjmfj-1,4044
lbpbjoam-1,4045
lbpdbkch-1,4046
lbpdnfjg-1,4047
lbpdnohp-1,4048
lbpedmlf-1,4049
lbpegcjf-1,4050
lbpepahj-1,4051
lbpfdjhe-1,4052
lbpfdkcp-1,4053
lbpfpmee-1,4054
lbpghhhi-1,4055
lbpgldkf-1,4056
lbpglfkp-1,4057
lbpgnomp-1,4058
lbphcokl-1,4059
lbphljbe-1,4060
lbphmjni-1,4061
lbphnkki-1,4062
lbpidhhj-1,4063
lbpihcba-1,4064
lbpijfgh-1,4065
lbpikokh-1,4066
lbpjbmad-1,4067
lbpjhhbg-1,4068
lbpjldha-1,4069
lbpkhcoe-1,4070
lbpklphc-1,4071
lbpmhbif-1,4072
lbpmikja-1,4073
lbpmmiad-1,4074
lbpmnlof-1,4075
lbpndalp-1,4076
lbpoehdf-1,4077
lbpojbol-1,4078
lbpojlgd-1,4079
lbpokepn-1,4080
lbppajmh-1,4081
lbpplabh-1,4082
lcaaddee-1,4083
lcaadmjf-1,4084
lcaageke-1,4085
lcabbopm-1,4086
lcacbgan-1,4087
lcacepga-1,4088
lcachojf-1,4089
lcacpjcf-1,4090
lcadbgfk-1,4091
lcadhfkc-1,4092
lcadjbbb-1,4093
lcaeanhg-1,4094
lcblmhae-1,4095
lcbmfgmj-1,4096
lcbmkdab-1,4097
lcbmkmef-1,4098
lcbmlgkf-1,4099
lcbnejii-1,4100
lcbnkeil-1,4101
lcbojafj-1,4102
lcbpmimn-1,4103
lcbpphph-1,4104
lccacilo-1,4105
lccakndi-1,4106
lccanjbe-1,4107
lccbcjdb-1,4108
lccbdgaa-1,4109
lccbgljg-1,4110
lccbojmg-1,4111
lccbpjac-1,4112
lccccnnj-1,4113
lcccdafp-1,4114
lcccdnae-1,4115
lcccfiak-1,4116
lccclblh-1,4117
lcccpjmm-1,4118
lccdpkla-1,4119
lccehkde-1,4120
lccfkkbj-1,4121
lccgbafo-1,4122
lccgcdoj-1,4123
lcchdjef-1,4124
lcchdjel-1,4125
lcchigag-1,4126
lccjbjam-1,4127
lccjelie-1,4128
lccjeoki-1,4129
lccjlklp-1,4130
lcckbbje-1,4131
lcckdfmn-1,4132
lcckhgke-1,4133
lcckkfnl-1,4134
lccklnia-1,4135
lcckmacl-1,4136
lcclcgkc-1,4137
lcclgamo-1,4138
lccmblhi-1,4139
lccmhijo-1,4140
lccmokde-1,4141
lccnhkhn-1,4142
lccnlooi-1,4143
lccnocpd-1,4144
lccodnpd-1,4145
lccphoha-1,4146
lccpkngb-1,4147
lcdacgde-1,4148
lcdacjcg-1,4149
lcdaohhd-1,4150
lcdbnkhk-1,4151
lcdccllh-1,4152
lcdchaba-1,4153
lcdchilp-1,4154
lcdcoeck-1,4155
lcddakhd-1,4156
lcddbcgd-1,4157
lcddekma-1,4158
lcddgijg-1,4159
lcdfbecm-1,4160
lcdgadkp-1,4161
lcdgglpa-1,4162
lcdgnjfo-1,4163
lcdhccmf-1,4164
lcdicnma-1,4165
lcdildie-1,4166
lcdimijf-1,4167
lcdinfmi-1,4168
lcdjcoce-1,4169
lcdjgafc-1,4170
lcdjmahl-1,4171
lcdjmnnf-1,4172
lcdkfflf-1,4173
lcdkfide-1,4174
lcdkmfof-1,4175
lcdkpfif-1,4176
lcdlhkbm-1,4177
lcdljhlm-1,4178
lcdmgblh-1,4179
lcdmiihf-1,4180
lcdmjeli-1,4181
lcdmmoho-1,4182
lcdoankp-1,4183
lcdoengd-1,4184
lcdogian-1,4185
lcdoklhp-1,4186
lcdpekpa-1,4187
lcdpldkn-1,4188
lceaghme-1,4189
lceainag-1,4190
lcealhhf-1,4191
lcealmba-1,4192
lceamnom-1,4193
lceankki-1,4194
lceaooog-1,4195
lcebkmgh-1,4196
lcebnbdf-1,4197
lcecdmhm-1,4198
lceciihg-1,4199
lcedfhok-1,4200
lceebada-1,4201
lceeecni-1,4202
lceejghi-1,4203
lcefmaon-1,4204
lcehdafd-1,4205
lcehhmbb-1,4206
lcehoeni-1,4207
lceidclg-1,4208
lceihlic-1,4209
lcejomll-1,4210
lcekmgkc-1,4211
lcelejcm-1,4212
lceljfpn-1,4213
lcelngfj-1,4214
lcelnmjf-1,4215
lcelokmn-1,4216
lcemahhi-1,4217
lcemefpc-1,4218
lcenaoob-1,4219
lcenmfjb-1,4220
lceocapd-1,4221
lceohhdm-1,4222
lceomhlk-1,4223
lceomjcb-1,4224
lcfajjbk-1,4225
lcfanllp-1,4226
lcfbfglb-1,4227
lcfdccfl-1,4228
lcfdggpb-1,4229
lcfdkpmb-1,4230
lcfehiaf-1,4231
lcffaaga-1,4232
lcffhpke-1,4233
lcffilod-1,4234
lcffjeki-1,4235
lcffjojk-1,4236
lcfgbjpm-1,4237
lcfghboi-1,4238
lcfgncjd-1,4239
lcfgobfg-1,4240
lcfhnhal-1,4241
lcfhphbo-1,4242
lcficfam-1,4243
lcfidffm-1,4244
lcfidiba-1,4245
lcfikgok-1,4246
lcfimmda-1,4247
lcfiokll-1,4248
lcfjdbpe-1,4249
lcfjfopd-1,4250
lcfkddnp-1,4251
lcfkdodi-1,4252
lcfkeham-1,4253
lcfkemnn-1,4254
lcfkhhip-1,4255
lcfkljbj-1,4256
lcflpgmh-1,4257
lcfmbfhd-1,4258
lcfmpgeo-1,4259
lcfnhbfm-1,4260
lcfnjknj-1,4261
lcfnknha-1,4262
lcfoaldo-1,4263
lcfocdlk-1,4264
lcfocpdb-1,4265
lcfpgdco-1,4266
lcfplkdc-1,4267
lcgccfgb-1,4268
lcgejnnb-1,4269
lcgfalgi-1,4270
lcgfcmlm-1,4271
lcgffhdk-1,4272
lcgfolmg-1,4273
lcgfpejh-1,4274
lcggeapd-1,4275
lcggfjeg-1,4276
lcghghjm-1,4277
lcghhike-1,4278
lcgiaecj-1,4279
lcgiajnb-1,4280
lcgiaphk-1,4281
lcgjaiki-1,4282
lcgjkcbl-1,4283
lcgkcjkd-1,4284
lcglhioa-1,4285
lcgligdm-1,4286
lcgljaek-1,4287
lcgljipb-1,4288
lcglkdgc-1,4289
lcgmncfe-1,4290
lcgnpagn-1,4291
lcgofbpm-1,4292
lcgofdbm-1,4293
lcgogaml-1,4294
lcgohiff-1,4295
lcgohooa-1,4296
lcgomhjc-1,4297
lcgpjgbp-1,4298
lcgpmaag-1,4299
lchadfgf-1,4300
lchagbcd-1,4301
lchainon-1,4302
lchanpda-1,4303
lchanpfk-1,4304
lchaojik-1,4305
lchbaepl-1,4306
lchbmpgn-1,4307
lchcbkdo-1,4308
lchcceoh-1,4309
lchcdnmi-1,4310
lchcpaji-1,4311
lchdimen-1,4312
lcheajjg-1,4313
lcheebjf-1,4314
lchelknb-1,4315
lchemhjk-1,4316
lcheogfo-1,4317
lchepcgo-1,4318
lchfepde-1,4319
lchfpmoe-1,4320
lchiahpo-1,4321
lchijcjl-1,4322
lchjkkle-1,4323
lchkbpeb-1,4324
lchkkbhm-1,4325
lchljphk-1,4326
lchlladh-1,4327
lchmcbcp-1,4328
lchmglbg-1,4329
lchmkbik-1,4330
lchmkbne-1,4331
lchnpebl-1,4332
lchpaeld-1,4333
lchpbnca-1,4334
lchpcgin-1,4335
lciambfd-1,4336
lciamemh-1,4337
lciapdfp-1,4338
lcibdjpc-1,4339
lcibggpa-1,4340
lcibjmbe-1,4341
lcickdba-1,4342
lcicpnoo-1,4343
lcidkbcg-1,4344
lcidkmli-1,4345
lciedhob-1,4346
lcieoccc-1,4347
lcifcpcg-1,4348
lcifjemi-1,4349
lcifjpoa-1,4350
lciflpin-1,4351
lcigaagb-1,4352
lcigeckb-1,4353
lcighdke-1,4354
lcignhfn-1,4355
lcihcdnm-1,4356
lcihodnh-1,4357
lciiagda-1,4358
lcijcdmp-1,4359
lcijcefb-1,4360
lcijjikf-1,4361
lcijldco-1,4362
lcijlnje-1,4363
lcijpaan-1,4364
lcikdgop-1,4365
lciknlmi-1,4366
lcikonmp-1,4367
lcilaccm-1,4368
lcilokbb-1,4369
lcimcpan-1,4370
lcimhphl-1,4371
lcimibgb-1,4372
lciocaod-1,4373
lciojacj-1,4374
lciokalc-1,4375
lcipanld-1,4376
lcipdllg-1,4377
lcjakcdd-1,4378
lcjallbl-1,4379
lcjapmhg-1,4380
lcjbchcn-1,4381
lcjbdbpl-1,4382
lcjbmibm-1,4383
lcjcajjk-1,4384
lcjdbfli-1,4385
lcjddkhm-1,4386
lcjdeoih-1,4387
lcjdkjid-1,4388
lcjdmaja-1,4389
lcjeklng-1,4390
lcjekmla-1,4391
lcjgblae-1,4392
lcjhdaek-1,4393
lcjhjncd-1,4394
lcjifmee-1,4395
lcjiolpl-1,4396
lcjjjbgn-1,4397
lcjjkifa-1,4398
lcjjlmnb-1,4399
lcjkcpgd-1,4400
lcjldaba-1,4401
lcjllolh-1,4402
lcjlpnkf-1,4403
lcjmaehl-1,4404
lcjmhcbj-1,4405
lcjnjpfj-1,4406
lcjohaki-1,4407
lcjokneo-1,4408
lcjpajga-1,4409
lcjpijdd-1,4410
lckbjiai-1,4411
lckbpkia-1,4412
lckdfgnb-1,4413
lckeaiph-1,4414
lckeddna-1,4415
lckedekh-1,4416
lckfgbec-1,4417
lckfimgn-1,4418
lckfjnnn-1,4419
lckfkecg-1,4420
lckfolep-1,4421
lckgegbh-1,4422
lckgfcdf-1,4423
lckgjmml-1,4424
lckhlbhj-1,4425
lckijhji-1,4426
lckjahmn-1,4427
lckjcdoj-1,4428
lckjleck-1,4429
lckjojod-1,4430
lcklclcj-1,4431
lckmdbjb-1,4432
lckmookf-1,4433
lcknnmph-1,4434
lcknoghd-1,4435
lckonple-1,4436
lckpaelh-1,4437
lckpnkhn-1,4438
lcladgkd-1,4439
lclaipab-1,4440
lclamheo-1,4441
lclanbie-1,4442
lclbpfnk-1,4443
lclcehbj-1,4444
lclcjaah-1,4445
lcldakll-1,4446
lcldnkhp-1,4447
lclechfg-1,4448
lclefopa-1,4449
lclejifh-1,4450
lclfdjjf-1,4451
lclfhmmc-1,4452
lclfimll-1,4453
lclfjkge-1,4454
lclflcaj-1,4455
lclgbdjj-1,4456
lclhcmji-1,4457
lclhfafk-1,4458
lclhjgen-1,4459
lclhocib-1,4460
lclhpcng-1,4461
lcliojnd-1,4462
lcljcemf-1,4463
lcljldli-1,4464
lclkjcfk-1,4465
lclkmbkf-1,4466
lcllmnpk-1,4467
lclmbnhp-1,4468
lclmdfhf-1,4469
lclmfihh-1,4470
lclnallc-1,4471
lclnkdin-1,4472
lclomogj-1,4473
lclplejb-1,4474
lcmaffga-1,4475
lcmalicd-1,4476
lcmanlll-1,4477
lcmbiean-1,4478
lcmcgmbc-1,4479
lcmchced-1,4480
lcmdckij-1,4481
lcmdmdpb-1,4482
lcmdmgbc-1,4483
lcmdocpg-1,4484
lcmdpmld-1,4485
lcmeijbd-1,4486
lcmenfbc-1,4487
lcmfmmgf-1,4488
lcmgcooo-1,4489
lcmhlkok-1,4490
lcmhmfgd-1,4491
lcmhmlgh-1,4492
lcmigpcl-1,4493
lcmiilij-1,4494
lcmioocd-1,4495
ldabjmdi-1,4496
ldablgng-1,4497
ldabnfcp-1,4498
ldacfacn-1,4499
ldacineo-1,4500
ldadebip-1,4501
ldadgaja-1,4502
ldadgbom-1,4503
ldaedneo-1,4504
ldaefifi-1,4505
ldaehmna-1,4506
ldafnglk-1,4507
ldafpaih-1,4508
ldaiglkc-1,4509
ldaimlkj-1,4510
ldajdfol-1,4511
ldajebga-1,4512
ldajgfad-1,4513
ldakdiho-1,4514
ldakflgd-1,4515
ldakjiem-1,4516
ldalceep-1,4517
ldaldpka-1,4518
ldalpdhb-1,4519
ldalpodo-1,4520
ldalppgn-1,4521
ldamdigc-1,4522
ldamokkd-1,4523
ldanflpg-1,4524
ldanileh-1,4525
ldaocbfi-1,4526
ldaoeadb-1,4527
ldaomdpg-1,4528
ldapbonc-1,4529
ldapmpde-1,4530
ldbabcgg-1,4531
ldbabdfd-1,4532
ldbaekmj-1,4533
ldbahmfh-1,4534
ldbbcpeg-1,4535
ldbbhind-1,4536
ldbbhocl-1,4537
ldbcaood-1,4538
ldbcidnk-1,4539
ldbconno-1,4540
ldbdffjo-1,4541
ldbdppih-1,4542
ldbedgki-1,4543
ldbejfln-1,4544
ldbeklan-1,4545
ldbfbofi-1,4546
ldbffcdl-1,4547
ldbficcc-1,4548
ldbfnhpg-1,4549
ldbgdohg-1,4550
ldbgfagd-1,4551
ldbohonm-1,4552
ldbpmhmd-1,4553
ldcakcdg-1,4554
ldfcbpea-1,4555
ldfejeif-1,4556
ldficpmb-1,4557
ldfohado-1,4558
ldfpehmp-1,4559
ldfpgjek-1,4560
ldgamcbd-1,4561
ldgbimfe-1,4562
ldgcbdmb-1,4563
ldgdebml-1,4564
ldgdfibp-1,4565
ldggcpop-1,4566
ldgghogn-1,4567
ldggpcif-1,4568
ldghchfo-1,4569
ldghlhck-1,4570
ldgigmej-1,4571
ldgilgpf-1,4572
ldgjbfbf-1,4573
ldgjgcon-1,4574
ldglkbme-1,4575
ldglljec-1,4576
ldgmcdgp-1,4577
ldgmeeea-1,4578
ldgmjfig-1,4579
ldgncfgd-1,4580
ldgniblj-1,4581
ldgpeadg-1,4582
ldhaaimo-1,4583
ldhakigl-1,4584
ldhamhhd-1,4585
ldhbekgj-1,4586
ldhbnbdo-1,4587
ldhbocgh-1,4588
ldhcbmng-1,4589
ldhjaaak-1,4590
ldhjlfnf-1,4591
ldhkmflc-1,4592
ldhkngnd-1,4593
ldhldcbe-1,4594
ldhmmdip-1,4595
ldhnpkho-1,4596
ldhoafdd-1,4597
ldkaecno-1,4598
ldkagopc-1,4599
ldkcfmml-1,4600
ldkcmjcm-1,4601
ldkcodfb-1,4602
ldkdbokf-1,4603
ldkddpfg-1,4604
ldkdknen-1,4605
ldkecfec-1,4606
ldkecibi-1,4607
ldkehnjp-1,4608
ldkephge-1,4609
ldkfagdn-1,4610
ldkfdpnk-1,4611
ldkffffn-1,4612
ldkgdfpp-1,4613
ldkgdoao-1,4614
ldkggecd-1,4615
ldkglamm-1,4616
ldkgpiph-1,4617
ldkhgknl-1,4618
ldkhojpb-1,4619
ldkioefe-1,4620
ldkjaomm-1,4621
ldkjmkob-1,4622
ldkjoimc-1,4623
ldkkgojd-1,4624
ldkkigin-1,4625
ldkkljbc-1,4626
ldklanfi-1,4627
ldklbdnh-1,4628
ldkldmlp-1,4629
ldklgeeg-1,4630
ldkmdgkd-1,4631
ldkmiadj-1,4632
ldkmidnh-1,4633
ldknemll-1,4634
ldknhggm-1,4635
ldknhjoh-1,4636
ldknkemk-1,4637
ldknlomi-1,4638
ldkohfmo-1,4639
ldkojcpa-1,4640
ldkomkia-1,4641
ldkonakn-1,4642
ldkpgjmk-1,4643
ldkpgoem-1,4644
ldkpnjac-1,4645
ldlbfaih-1,4646
ldlbifmm-1,4647
ldlbnmpm-1,4648
ldlcdefe-1,4649
ldlcghdl-1,4650
ldlcibna-1,4651
ldlcjkon-1,4652
ldldieje-1,4653
ldleieah-1,4654
ldlepfpp-1,4655
ldlfmhed-1,4656
ldlfoepb-1,4657
ldlgncbm-1,4658
ldlgpjon-1,4659
ldlhbgcp-1,4660
ldlhceol-1,4661
ldlhfdgj-1,4662
ldljhpdf-1,4663
ldljpphf-1,4664
ldlkmede-1,4665
ldllbnde-1,4666
ldlledko-1,4667
ldlliaof-1,4668
ldllmiof-1,4669
ldlmlblm-1,4670
ldlooehi-1,4671
ldlphkgj-1,4672
ldlpoage-1,4673
ldlpolnl-1,4674
ldmaddhg-1,4675
ldmahjpo-1,4676
ldmaiogd-1,4677
ldmamkgc-1,4678
ldmaocmo-1,4679
ldmbdadd-1,4680
ldmbeoee-1,4681
ldmclkop-1,4682
ldmcnjcg-1,4683
ldmdblnb-1,4684
ldmdckbm-1,4685
ldmdgfga-1,4686
ldmdglog-1,4687
ldmeemin-1,4688
ldmendib-1,4689
ldmfkhom-1,4690
ldmgdfma-1,4691
ldmgmhjg-1,4692
ldmhbgai-1,4693
ldmhoalm-1,4694
ldmikokj-1,4695
ldmkcinf-1,4696
ldmkogfc-1,4697
ldmldbpa-1,4698
ldmlemci-1,4699
ldmlfnkl-1,4700
ldmlfpfd-1,4701
ldmlhbcg-1,4702
ldmlmioi-1,4703
ldmmppbo-1,4704
ldmnaljc-1,4705
ldmnanoh-1,4706
ldmnnipk-1,4707
ldmobcmb-1,4708
ldmoejpe-1,4709
ldmognhe-1,4710
ldmoljjc-1,4711
ldmpdhne-1,4712
ldmpipff-1,4713
ldnaboek-1,4714
ldnacpmm-1,4715
ldnagkfd-1,4716
ldnajekh-1,4717
ldnbkogn-1,4718
ldncfaef-1,4719
ldncfbka-1,4720
ldncikaa-1,4721
ldnclind-1,4722
ldncnmne-1,4723
ldnddblo-1,4724
ldnddkea-1,4725
ldndehoj-1,4726
ldndfneo-1,4727
ldndgdkn-1,4728
ldndnafn-1,4729
ldnehhnp-1,4730
ldnekfpe-1,4731
ldngogaj-1,4732
ldnifgge-1,4733
ldnigfbg-1,4734
ldninkoe-1,4735
ldnjaioj-1,4736
ldnjcpnk-1,4737
ldnjhoam-1,4738
ldnjigmf-1,4739
ldnjlnld-1,4740
ldnkdomg-1,4741
ldnkebhe-1,4742
ldnkkadb-1,4743
ldnkpkcp-1,4744
ldnlipjc-1,4745
ldnlpeoo-1,4746
ldnmemen-1,4747
ldnmhfod-1,4748
ldnmiakm-1,4749
ldnndpnh-1,4750
ldnnooma-1,4751
ldnomgcl-1,4752
ldnpnlng-1,4753
ldnppfoi-1,4754
ldobefga-1,4755
ldobfjkn-1,4756
ldobgghl-1,4757
ldobhklg-1,4758
ldocgiie-1,4759
ldoclbjn-1,4760
ldocnagn-1,4761
ldocoonf-1,4762
ldocpfhm-1,4763
ldodkjpc-1,4764
ldodmchn-1,4765
ldofcopp-1,4766
ldogibpo-1,4767
ldoglegm-1,4768
ldogpdem-1,4769
ldogpkoe-1,4770
ldohenog-1,4771
ldohmpbo-1,4772
ldohnckg-1,4773
ldoigbjh-1,4774
ldoigkac-1,4775
ldojdlpb-1,4776
ldojofbf-1,4777
ldokecok-1,4778
ldokegab-1,4779
ldokfpja-1,4780
ldokkfih-1,4781
ldokpkgg-1,4782
ldoldlpp-1,4783
ldoloinn-1,4784
ldoloopg-1,4785
ldomeegk-1,4786
ldonfhlh-1,4787
ldonhpoc-1,4788
ldoodogi-1,4789
ldoonnhf-1,4790
ldopfbhd-1,4791
ldpaplhm-1,4792
ldpbaape-1,4793
ldpbeomf-1,4794
ldpcepbb-1,4795
ldpcffen-1,4796
ldpchahp-1,4797
ldpckfkm-1,4798
ldpckmab-1,4799
ldpdhfao-1,4800
ldpdopne-1,4801
ldpejmnm-1,4802
ldpepbmc-1,4803
ldpfcalj-1,4804
ldpfdolg-1,4805
ldpfncma-1,4806
ldpgcinj-1,4807
ldpggcid-1,4808
ldpgggpi-1,4809
ldpgimja-1,4810
ldpginjp-1,4811
ldpgkbcb-1,4812
ldpgomha-1,4813
ldphdmjp-1,4814
ldpiianf-1,4815
ldpiifpn-1,4816
ldpijnlf-1,4817
ldpjfoie-1,4818
ldpjjlcn-1,4819
ldpjlall-1,4820
ldpjogjn-1,4821
ldpkoanf-1,4822
ldpmiifg-1,4823
ldpnehml-1,4824
ldpngjen-1,4825
ldpnjeog-1,4826
ldpnnefe-1,4827
ldpnnfjc-1,4828
ldpnodjd-1,4829
leaccdnl-1,4830
leacobon-1,4831
leacpiho-1,4832
leadapic-1,4833
leadeome-1,4834
leaeaolo-1,4835
leaedifm-1,4836
leaedlml-1,4837
leaehhjo-1,4838
leaelpdp-1,4839
leaffcid-1,4840
leafnffk-1,4841
leahfcpp-1,4842
leahhmgo-1,4843
leahjken-1,4844
leahlobl-1,4845
leaiaejg-1,4846
leajdcgh-1,4847
leakbdfh-1,4848
leakkpoj-1,4849
lealagmf-1,4850
lealedig-1,4851
lealfbep-1,4852
lealgnhg-1,4853
leamclmh-1,4854
leamhmob-1,4855
leamiaep-1,4856
leandpca-1,4857
leaojkmf-1,4858
leapfbdb-1,4859
leapkhdf-1,4860
lebamaao-1,4861
lebanmih-1,4862
lebbiahl-1,4863
lebbibbb-1,4864
lebcakdb-1,4865
lebckkhg-1,4866
lebddaao-1,4867
lebdpkii-1,4868
lebebfgb-1,4869
lebecffb-1,4870
lebekbef-1,4871
lebfbilg-1,4872
lebfjgbb-1,4873
lebgcmjc-1,4874
lebggagl-1,4875
lebhncii-1,4876
lebiblid-1,4877
lebiceka-1,4878
lebjobcc-1,4879
lebkcjof-1,4880
leblbccj-1,4881
lebmbnak-1,4882
lebmfebm-1,4883
lebmllnc-1,4884
lebnglnn-1,4885
lebngoaf-1,4886
lebnkckd-1,4887
lebnomli-1,4888
lebochfb-1,4889
lebodcpo-1,4890
lebofchc-1,4891
lebofjlf-1,4892
lecagmcc-1,4893
lecbbidg-1,4894
lecbdaah-1,4895
lecbkeep-1,4896
lecboahp-1,4897
leccglji-1,4898
leccokbo-1,4899
leccplba-1,4900
leccpmbk-1,4901
leccpngi-1,4902
lecdcjeg-1,4903
lecdgipe-1,4904
lecdjomc-1,4905
lecebpdl-1,4906
leceihon-1,4907
lecfhgee-1,4908
lecfncgc-1,4909
lecgiagn-1,4910
lecgkpok-1,4911
lechgjeo-1,4912
lechhiff-1,4913
lecigmdk-1,4914
lecihjlf-1,4915
lecjhclp-1,4916
lecjjkio-1,4917
leckelea-1,4918
leckgfgd-1,4919
leckhigm-1,4920
leckhkde-1,4921
leclaead-1,4922
leclophh-1,4923
lecmahja-1,4924
lecmdgne-1,4925
lecmphii-1,4926
lecnlkek-1,4927
lecnojep-1,4928
lecogecp-1,4929
lecpackm-1,4930
lecplofd-1,4931
lecpmlen-1,4932
ledaagol-1,4933
ledagpfc-1,4934
ledaldam-1,4935
ledbjdke-1,4936
ledbplio-1,4937
ledcbicf-1,4938
ledcbjjm-1,4939
ledccfgb-1,4940
ledcjifi-1,4941
leddkcic-1,4942
lededeoo-1,4943
ledeobdk-1,4944
ledepmkj-1,4945
ledgaleg-1,4946
ledggaoi-1,4947
ledhbnff-1,4948
ledhgljd-1,4949
ledhimib-1,4950
ledhnjln-1,4951
ledhocme-1,4952
ledibgea-1,4953
ledigcfh-1,4954
ledjcngp-1,4955
ledjdmkk-1,4956
ledjpjnm-1,4957
ledkbhpe-1,4958
ledkfhdm-1,4959
ledlchle-1,4960
ledleake-1,4961
ledlnabe-1,4962
ledmdfcp-1,4963
ledmfbgb-1,4964
ledmfjdp-1,4965
ledohmdn-1,4966
ledokgmo-1,4967
ledphmbl-1,4968
ledpjlnb-1,4969
leeajeac-1,4970
leeakkbk-1,4971
leebncel-1,4972
leedcbpm-1,4973
leeddnab-1,4974
leeelbfp-1,4975
leeenojm-1,4976
leefdhjc-1,4977
leefeaig-1,4978
leeffbko-1,4979
leefopna-1,4980
leefplim-1,4981
leeganic-1,4982
leegbngk-1,4983
leegmfaj-1,4984
leegmkcg-1,4985
leegpcmi-1,4986
leehlbga-1,4987
leejcgpc-1,4988
leejgcnh-1,4989
leekaohp-1,4990
leekcjng-1,4991
leekgmci-1,4992
leekjooj-1,4993
leekkogn-1,4994
leeklhgm-1,4995
leekmpoc-1,4996
leekpjla-1,4997
leelaofc-1,4998
leelfjdo-1,4999
leelghea-1,5000
leemckcl-1,5001
leemepki-1,5002
leemhkkb-1,5003
leenaamo-1,5004
leeojeok-1,5005
leeojhie-1,5006
lefanede-1,5007
lefcgmgg-1,5008
lefcinlm-1,5009
lefcjdnd-1,5010
lefclfkc-1,5011
lefdabln-1,5012
lefdmdlo-1,5013
lefdmkag-1,5014
lefepido-1,5015
leffhpfa-1,5016
lefgdhon-1,5017
lefgiikg-1,5018
lefhopji-1,5019
lefielhp-1,5020
lefiicnc-1,5021
lefjbkll-1,5022
lefjfgjf-1,5023
lefkafla-1,5024
lefldpni-1,5025
lefllefm-1,5026
lefmmcco-1,5027
lefmnlbj-1,5028
lefncmjo-1,5029
lefnfikl-1,5030
lefnkgbp-1,5031
lefnlofe-1,5032
lefnmeie-1,5033
lefocdpl-1,5034
lefocgni-1,5035
lefokfef-1,5036
lefpcigj-1,5037
legaadea-1,5038
legabddp-1,5039
legajnbg-1,5040
legalblj-1,5041
legapbdk-1,5042
legbbjlb-1,5043
legbcmhk-1,5044
legbmfmg-1,5045
legbpegk-1,5046
legcidgf-1,5047
legckgid-1,5048
legdeonk-1,5049
legecojb-1,5050
legeflin-1,5051
legegekg-1,5052
legfeaea-1,5053
legfemfj-1,5054
legffcbc-1,5055
legfhpjk-1,5056
legfnnpc-1,5057
legginim-1,5058
leggmmie-1,5059
leggnnoj-1,5060
leghcdhf-1,5061
leghdfml-1,5062
leghgkdl-1,5063
legiipmo-1,5064
legijjeh-1,5065
legjhebe-1,5066
legjjkhk-1,5067
legkhiak-1,5068
legkjpcj-1,5069
legkohfj-1,5070
legmacin-1,5071
legmpoci-1,5072
legnakob-1,5073
legnamig-1,5074
legnmbml-1,5075
legofgdm-1,5076
legohcii-1,5077
legpfipc-1,5078
legpjgmn-1,5079
lehbdekl-1,5080
lehbhloj-1,5081
lehcogcf-1,5082
lehdbgjk-1,5083
lehgjebh-1,5084
lehgoadk-1,5085
lehgpoag-1,5086
lehhapme-1,5087
lehhdddo-1,5088
lehhjeei-1,5089
lehidphp-1,5090
lehiigik-1,5091
lehimjfe-1,5092
lehjbjfi-1,5093
lehjfhlo-1,5094
lehkdbdj-1,5095
lehknhaa-1,5096
lehlgnbe-1,5097
lehlkgom-1,5098
lehnlmdm-1,5099
lehojfdj-1,5100
lehongog-1,5101
lehpcaph-1,5102
lehpflgm-1,5103
lehpicjf-1,5104
leiaanbk-1,5105
leiahmba-1,5106
leiandee-1,5107
leibeaeb-1,5108
leicaccm-1,5109
leicgmmp-1,5110
leidcmba-1,5111
leiefnjo-1,5112
leieglbl-1,5113
leieiefd-1,5114
leiejiic-1,5115
leifdbom-1,5116
leifeflc-1,5117
leigjpcm-1,5118
leignjgd-1,5119
leihfdli-1,5120
leihfnjo-1,5121
leihnlha-1,5122
leiieghm-1,5123
leiieobo-1,5124
leiigmlc-1,5125
leiiinjo-1,5126
leiikkac-1,5127
leiimege-1,5128
leijhjih-1,5129
leijnefh-1,5130
leikjonp-1,5131
leimllfb-1,5132
leimmnil-1,5133
leinlcgp-1,5134
leinnimb-1,5135
leiopkbn-1,5136
leiopnej-1,5137
leiplcbp-1,5138
leiplifj-1,5139
leiponed-1,5140
lejaafcb-1,5141
lejacgld-1,5142
lejafabd-1,5143
lejalphk-1,5144
lejamacp-1,5145
lejanepp-1,5146
lejanllo-1,5147
lejaodgb-1,5148
lejaphkg-1,5149
lejbgeon-1,5150
lejbljdn-1,5151
lejcbhnn-1,5152
lejclbnk-1,5153
lejdkpgd-1,5154
lejdnckh-1,5155
lejehooe-1,5156
lejfjoli-1,5157
lejfkgad-1,5158
lejflgha-1,5159
lejgbchj-1,5160
lejgfkmi-1,5161
lejhcoio-1,5162
lejhjpji-1,5163
lejhoppd-1,5164
lejhphio-1,5165
lejinini-1,5166
lejjagen-1,5167
lejjkdbd-1,5168
lejkapbh-1,5169
lejkbigh-1,5170
lejkifgk-1,5171
lejkjcoc-1,5172
lejkkjap-1,5173
lejlehio-1,5174
lejlephp-1,5175
lejloiao-1,5176
lejmfdkl-1,5177
lejmnaaa-1,5178
lejmodmo-1,5179
lejngphp-1,5180
lejoagfh-1,5181
lejobmll-1,5182
lejodgcg-1,5183
lejoidjf-1,5184
lejomnbm-1,5185
lejpdbff-1,5186
lejpkidp-1,5187
lejpnfjm-1,5188
lekaimem-1,5189
lekakmpj-1,5190
lekceaij-1,5191
lekcgdmn-1,5192
lekcpgoc-1,5193
lekdpdnl-1,5194
lekeendo-1,5195
lekeolkc-1,5196
lekffido-1,5197
lekfhoek-1,5198
lekfpaia-1,5199
lekgegob-1,5200
lekgemin-1,5201
lekgfekn-1,5202
lekgigip-1,5203
lekglejl-1,5204
lekgoopi-1,5205
lekgpfhh-1,5206
lekhhjhf-1,5207
lekionco-1,5208
lekipoeo-1,5209
lekkhnea-1,5210
lekkjcnm-1,5211
leklagog-1,5212
leklmope-1,5213
leklomjd-1,5214
lekmania-1,5215
lekmnhcb-1,5216
leknfndg-1,5217
lekngeoc-1,5218
leknkfhj-1,5219
lekphdmh-1,5220
lekplifl-1,5221
lelajoan-1,5222
lelakmho-1,5223
lelanlkp-1,5224
lelapbld-1,5225
lelbadlf-1,5226
lelbdklc-1,5227
lelbfnok-1,5228
lelbmlci-1,5229
lelcmhei-1,5230
lelcobji-1,5231
lelebioh-1,5232
lelehdjp-1,5233
lelejghg-1,5234
lelfdcia-1,5235
lelfichh-1,5236
lelfocie-1,5237
lelfpkkl-1,5238
lelgbjmj-1,5239
lelgfidp-1,5240
lelgfpee-1,5241
lelgmgid-1,5242
lelgokel-1,5243
lelhccfl-1,5244
lelhoodf-1,5245
leliabfo-1,5246
lelibhem-1,5247
lelijbaj-1,5248
lemcamdp-1,5249
lemcbdgg-1,5250
lemcfiha-1,5251
lemcndhh-1,5252
lemdahgg-1,5253
lemdbggp-1,5254
lemepaep-1,5255
lemffjpk-1,5256
lemfhhkg-1,5257
lemfihpj-1,5258
lemfnnip-1,5259
lemgmfmm-1,5260
lemhcgne-1,5261
lemhgmbm-1,5262
lemidooe-1,5263
lemifnbj-1,5264
lemjhiea-1,5265
lemjkgnh-1,5266
lemjlmae-1,5267
lemljnnf-1,5268
lemmkfmc-1,5269
lemmmjcn-1,5270
lemngpfd-1,5271
lemnonnh-1,5272
lemofapi-1,5273
lempldmd-1,5274
lenaiohn-1,5275
lenakghd-1,5276
lenbbkpf-1,5277
lencapoh-1,5278
lendjinp-1,5279
lenfbcdo-1,5280
lenfdonl-1,5281
lenfngki-1,5282
lenglled-1,5283
lengoaoc-1,5284
lenicjoc-1,5285
lenjkhmi-1,5286
lenkfflj-1,5287
lenkjodn-1,5288
lenkpohg-1,5289
lenlmebj-1,5290
lenloidk-1,5291
lenmkbfd-1,5292
lennheko-1,5293
lennjdhl-1,5294
lenollph-1,5295
leoagdgo-1,5296
leobbajk-1,5297
leobckdf-1,5298
leobgidc-1,5299
leocdlkk-1,5300
leodbdip-1,5301
leodklgb-1,5302
leofgcdo-1,5303
leofjmep-1,5304
leofoeli-1,5305
leogecll-1,5306
leoloidd-1,5307
leolphoj-1,5308
leomlcgl-1,5309
leompmpd-1,5310
leonbmjc-1,5311
leonhlbg-1,5312
leopfnok-1,5313
leopgbin-1,5314
leophhha-1,5315
leopknoo-1,5316
lepacpgh-1,5317
lepanoif-1,5318
lepbidah-1,5319
lepbjegl-1,5320
lepchhjn-1,5321
lepcngfb-1,5322
lepcoanj-1,5323
lepcooak-1,5324
lepcpeof-1,5325
lepdgobm-1,5326
lepdhpeh-1,5327
lepdpafc-1,5328
lepdpgip-1,5329
lepedcnb-1,5330
lepfdnle-1,5331
lepfhoej-1,5332
lepfimla-1,5333
lepgcekg-1,5334
lepglmcj-1,5335
lephfmcp-1,5336
lephheee-1,5337
lephjhfb-1,5338
lephodgg-1,5339
lepidfbb-1,5340
lepihnng-1,5341
lepjbced-1,5342
lepkhmbp-1,5343
lepkhoia-1,5344
leplkodj-1,5345
lepniieo-1,5346
lepnmlda-1,5347
lepohkbl-1,5348
leppcmbf-1,5349
leppihek-1,5350
leppnbkm-1,5351
leppnjfk-1,5352
lfaaegmf-1,5353
lfaakdbp-1,5354
lfabnkhf-1,5355
lfacfolk-1,5356
lfadbdcd-1,5357
lfadcaak-1,5358
lfadnbap-1,5359
lfaedbed-1,5360
lfaeedbi-1,5361
lfaekkng-1,5362
lfaeklda-1,5363
lfaffcgg-1,5364
lfafpcil-1,5365
lfafpidd-1,5366
lfahbkdk-1,5367
lfahkgdf-1,5368
lfahpbak-1,5369
lfaidall-1,5370
lfaiecbl-1,5371
lfaioblb-1,5372
lfaipnbg-1,5373
lfajenka-1,5374
lfajpiag-1,5375
lfakebic-1,5376
lfakjhmj-1,5377
lfalamfg-1,5378
lfalbeaa-1,5379
lfbkleba-1,5380
lfblbiip-1,5381
lfblgmce-1,5382
lfbmbngm-1,5383
lfbmccph-1,5384
lfbmgibc-1,5385
lfbmnpol-1,5386
lfbmpbje-1,5387
lfbndgpj-1,5388
lfbninbe-1,5389
lfboglcm-1,5390
lfbohehd-1,5391
lfbojalf-1,5392
lfbolbhp-1,5393
lfcaooel-1,5394
lfcapefj-1,5395
lfcapemg-1,5396
lfcbfhjb-1,5397
lfcbmifb-1,5398
lfcboeoh-1,5399
lfccaifn-1,5400
lfccegjj-1,5401
lfcdepmc-1,5402
lfceibde-1,5403
lfcfffoi-1,5404
lfcghban-1,5405
lfcheick-1,5406
lfchfioo-1,5407
lfchfmja-1,5408
lfchhkng-1,5409
lfchkodi-1,5410
lfchnino-1,5411
lfciminj-1,5412
